Mouser Part Number,Mfr Part Number,Mfr.,Datasheet,Availability,Pricing,RoHS,Lifecycle,Product Detail,Series,Protocol Supported,Frequency,Data Rate,Interface Type,Output Power,Operating Supply Voltage,Supply Current Transmitting,Supply Current Receiving,Minimum Operating Temperature,Maximum Operating Temperature,Protocol - WiFi - 802.11,Protocol - Bluetooth, BLE - 802.15.1,Protocol - Cellular, NBIoT, LTE,Protocol - ANT, Thread, Zigbee - 802.15.4,Qualification,Packaging
81-LBEE5XV1XA-540,LBEE5XV1XA-540,Murata Electronics,,"1,000  In Stock",$33.23,RoHS Compliant,New Product,https://ru.mouser.com/ProductDetail/Murata-Electronics/LBEE5XV1XA-540?qs=stqOd1AaK7//oObf2hVFTw==&utm_source=mouser-refine-download&utm_medium=file&utm_campaign=LBEE5XV1XA-540&utm_content=Murata-Electronics,,,,,,,,,,,,,,,,,"Cut Tape, Reel",,,,,
634-WFM200S022XNN3R,WFM200S022XNN3R,Silicon Labs,https://ru.mouser.com/datasheet/2/368/wfm200_datasheet-1800105.pdf,"2,449  In Stock",$9.17,RoHS Compliant,New Product,https://ru.mouser.com/ProductDetail/Silicon-Labs/WFM200S022XNN3R?qs=vEM7xhTegWgX9VSbHLiC3g==&utm_source=mouser-refine-download&utm_medium=file&utm_campaign=WFM200S022XNN3R&utm_content=Silicon-Labs,,802.11 b/g/n,2.412 GHz to 2.484 GHz,72.2 Mb/s,SPI,15.1 dBm,"1.8 V, 3.3 V",99.4 mA,48.3 mA,- 40 C,+ 105 C,,,,,,"Cut Tape, Reel",,,,,
634-WFM200SS22XNA3R,WFM200SS22XNA3R,Silicon Labs,https://ru.mouser.com/datasheet/2/368/wfm200_datasheet-1800105.pdf,"2,177  In Stock",$10.07,RoHS Compliant,New Product,https://ru.mouser.com/ProductDetail/Silicon-Labs/WFM200SS22XNA3R?qs=vEM7xhTegWjcx8K%2Bp10WbA==&utm_source=mouser-refine-download&utm_medium=file&utm_campaign=WFM200SS22XNA3R&utm_content=Silicon-Labs,,802.11 b/g/n,2.412 GHz to 2.484 GHz,72.2 Mb/s,SPI,15.1 dBm,"1.8 V, 3.3 V",99.4 mA,48.3 mA,- 40 C,+ 105 C,,,,,,"Cut Tape, Reel",,,,,
607-9260.NGWGII.NV,9260.NGWGII.NV,Intel,https://ru.mouser.com/datasheet/2/612/dual_band_wireless_ac_9260_brief-1661665.pdf,109  In Stock,$38.01,RoHS Compliant,New Product,https://ru.mouser.com/ProductDetail/Intel/9260NGWGIINV?qs=DPoM0jnrROUGhna%2BTa9/kg==&utm_source=mouser-refine-download&utm_medium=file&utm_campaign=9260.NGWGII.NV&utm_content=Intel,Wireless-AC 9260,,"2.4 GHz, 5 GHz",1.73 Gb/s,"PCIe, USB",,,,,0 C,+ 80,WiFi,Bluetooth,,,,,,,,,
579-WFI32E01PE-I,WFI32E01PE-I,Microchip Technology,https://ru.mouser.com/datasheet/2/268/PIC32MZ1025W104_MCU_and_WFI32E01_Module_with_Wi_Fi-2065561.pdf,307  In Stock,$17.87,,New Product,https://ru.mouser.com/ProductDetail/Microchip-Technology/WFI32E01PE-I?qs=W/MpXkg%2BdQ6FpmXU/d7PKw==&utm_source=mouser-refine-download&utm_medium=file&utm_campaign=WFI32E01PE-I&utm_content=Microchip-Technology,,,200 MHz,1 Gb/s,"I2C, SPI, UART",20.5 dBm,3 V to 3.6 V,,,- 40 C,+ 85 C,,,,,,,,,,,
634-WFM200S022XNA3,WFM200S022XNA3,Silicon Labs,https://ru.mouser.com/datasheet/2/368/wfm200_datasheet-1800105.pdf,947  In Stock,$9.61,RoHS Compliant,New Product,https://ru.mouser.com/ProductDetail/Silicon-Labs/WFM200S022XNA3?qs=vEM7xhTegWgk98Fa7%2BnIXQ==&utm_source=mouser-refine-download&utm_medium=file&utm_campaign=WFM200S022XNA3&utm_content=Silicon-Labs,,802.11 b/g/n,2.412 GHz to 2.484 GHz,72.2 Mb/s,SPI,15.1 dBm,"1.8 V, 3.3 V",99.4 mA,48.3 mA,- 40 C,+ 105 C,,,,,,Tray,,,,,
579-WFI32E01UE-I,WFI32E01UE-I,Microchip Technology,https://ru.mouser.com/datasheet/2/268/PIC32MZ1025W104_MCU_and_WFI32E01_Module_with_Wi_Fi-2065561.pdf,266  In Stock,$19.13,,New Product,https://ru.mouser.com/ProductDetail/Microchip-Technology/WFI32E01UE-I?qs=W/MpXkg%2BdQ4ZRdi0t2nvgA==&utm_source=mouser-refine-download&utm_medium=file&utm_campaign=WFI32E01UE-I&utm_content=Microchip-Technology,,,200 MHz,1 Gb/s,"I2C, SPI, UART",20.5 dBm,3 V to 3.6 V,,,- 40 C,+ 85 C,,,,,,,,,,,
239-453-00049,453-00049,Laird Connectivity,https://www.lairdconnect.com/node/19975,83  In Stock,$33.36,RoHS Compliant,New Product,https://ru.mouser.com/ProductDetail/Laird-Connectivity/453-00049?qs=DPoM0jnrROXBKDJzSabiAw==&utm_source=mouser-refine-download&utm_medium=file&utm_campaign=453-00049&utm_content=Laird-Connectivity,Sterling LWB5+,,"2.4 GHz, 5 GHz",,"UART, USB",,3.3 V,,,- 40 C,+ 85 C,802.11ac,,,,,Tray,,,,,
81-CMWC1ZZABR-107,CMWC1ZZABR-107,Murata Electronics,https://ru.mouser.com/datasheet/2/281/Murata_01042021_CMWC1ZZABR_107_A-1949466.pdf,"1,077  In Stock",$20.51,RoHS Compliant,New Product,https://ru.mouser.com/ProductDetail/Murata-Electronics/CMWC1ZZABR-107?qs=81r%2BiQLm7BRbS5TM7hiEuQ==&utm_source=mouser-refine-download&utm_medium=file&utm_campaign=CMWC1ZZABR-107&utm_content=Murata-Electronics,,802.11b/g/n,2.4 GHz,"11 Mb/s, 54 Mb/s, 72.2 Mb/s","GPIO, JTAG, UART",,3 V to 3.6 V,"282 mA, 285 mA, 303 mA",83 mA,- 30 C,+ 85 C,WiFi,,,,AWS,Tray,,,,,
634-WFM200SS22XNN3,WFM200SS22XNN3,Silicon Labs,https://ru.mouser.com/datasheet/2/368/wfm200_datasheet-1800105.pdf,260  In Stock,$9.61,RoHS Compliant,New Product,https://ru.mouser.com/ProductDetail/Silicon-Labs/WFM200SS22XNN3?qs=vEM7xhTegWiNkB03Hqcg4w==&utm_source=mouser-refine-download&utm_medium=file&utm_campaign=WFM200SS22XNN3&utm_content=Silicon-Labs,,802.11 b/g/n,2.412 GHz to 2.484 GHz,72.2 Mb/s,SPI,15.1 dBm,"1.8 V, 3.3 V",99.4 mA,48.3 mA,- 40 C,+ 105 C,,,,,,Tray,,,,,
239-453-00047C,453-00047C,Laird Connectivity,https://www.lairdconnect.com/node/19974,96  In Stock,$35.81,RoHS Compliant,New Product,https://ru.mouser.com/ProductDetail/Laird-Connectivity/453-00047C?qs=DPoM0jnrROUXMEkIRsBCmw==&utm_source=mouser-refine-download&utm_medium=file&utm_campaign=453-00047C&utm_content=Laird-Connectivity,Sterling LWB5+,,"2.4 GHz, 5 GHz",,"UART, USB",,3.3 V,,,- 40 C,+ 85 C,802.11ac,,,,,Cut Tape,,,,,
634-WF200D,WF200D,Silicon Labs,https://ru.mouser.com/datasheet/2/368/wf200_datasheet-1633290.pdf,149  In Stock,$5.86,RoHS Compliant,New Product,https://ru.mouser.com/ProductDetail/Silicon-Labs/WF200D?qs=vEM7xhTegWgGp5aozAzYvw==&utm_source=mouser-refine-download&utm_medium=file&utm_campaign=WF200D&utm_content=Silicon-Labs,,802.11 b/g/n,2.412 GHz to 2.484 GHz,72.2 Mb/s,SPI,17 dBm,"1.8 V, 3.3 V",108 mA,47.6 mA,- 40 C,+ 105 C,,,,,,Tray,,,,,
239-453-00048,453-00048,Laird Connectivity,https://www.lairdconnect.com/node/19975,61  In Stock,$33.36,RoHS Compliant,New Product,https://ru.mouser.com/ProductDetail/Laird-Connectivity/453-00048?qs=DPoM0jnrROXDSt9kLRoSFw==&utm_source=mouser-refine-download&utm_medium=file&utm_campaign=453-00048&utm_content=Laird-Connectivity,Sterling LWB5+,,"2.4 GHz, 5 GHz",,"UART, USB",,3.3 V,,,- 40 C,+ 85 C,802.11ac,,,,,Tray,,,,,
634-WF200SD,WF200SD,Silicon Labs,https://ru.mouser.com/datasheet/2/368/wf200_datasheet-1633290.pdf,260  In Stock,$6.36,RoHS Compliant,New Product,https://ru.mouser.com/ProductDetail/Silicon-Labs/WF200SD?qs=vEM7xhTegWgRA5s9PPW5sw==&utm_source=mouser-refine-download&utm_medium=file&utm_campaign=WF200SD&utm_content=Silicon-Labs,,802.11 b/g/n,2.412 GHz to 2.484 GHz,72.2 Mb/s,SPI,17 dBm,"1.8 V, 3.3 V",108 mA,47.6 mA,- 40 C,+ 105 C,,,,,,Tray,,,,,
634-WFM200SS22XNA3,WFM200SS22XNA3,Silicon Labs,https://ru.mouser.com/datasheet/2/368/wfm200_datasheet-1800105.pdf,216  In Stock,$10.07,RoHS Compliant,New Product,https://ru.mouser.com/ProductDetail/Silicon-Labs/WFM200SS22XNA3?qs=vEM7xhTegWgLLepHuwRpOQ==&utm_source=mouser-refine-download&utm_medium=file&utm_campaign=WFM200SS22XNA3&utm_content=Silicon-Labs,,802.11 b/g/n,2.412 GHz to 2.484 GHz,72.2 Mb/s,SPI,15.1 dBm,"1.8 V, 3.3 V",99.4 mA,48.3 mA,- 40 C,+ 105 C,,,,,,Tray,,,,,
607-AX201.D2WG,AX201.D2WG,Intel,https://ru.mouser.com/datasheet/2/612/wi_fi_6_ax201_module_brief-1661650.pdf,979  In Stock,$32.90,RoHS Compliant,New Product,https://ru.mouser.com/ProductDetail/Intel/AX201D2WG?qs=rkhjVJ6/3ELQOcLfiewdWg==&utm_source=mouser-refine-download&utm_medium=file&utm_campaign=AX201.D2WG&utm_content=Intel,Wi-Fi 6 AX201,802.11 ax,"2.4 GHz, 5 GHz",2.4 Gb/s,,,,,,0 C,+ 80 C,WiFi,Bluetooth,,,,,,,,,
607-AX200.NGWG,AX200.NGWG,Intel,https://ru.mouser.com/datasheet/2/612/wi-fi-6-ax200-module-brief-1661660.pdf,712  In Stock,$35.26,RoHS Compliant,New Product,https://ru.mouser.com/ProductDetail/Intel/AX200NGWG?qs=rkhjVJ6/3EIIuZbLEHlg5w==&utm_source=mouser-refine-download&utm_medium=file&utm_campaign=AX200.NGWG&utm_content=Intel,Wi-Fi 6 AX200,802.11 ax,"2.4 GHz, 5 GHz",2.4 Gb/s,,,,,,0 C,+ 80 C,WiFi,Bluetooth,,,,,,,,,
607-AX201.D2WG.L,AX201.D2WG.L,Intel,https://ru.mouser.com/datasheet/2/612/wi_fi_6_ax201_module_brief-1661650.pdf,991  In Stock,$35.26,RoHS Compliant,New Product,https://ru.mouser.com/ProductDetail/Intel/AX201D2WGL?qs=rkhjVJ6/3ELXD5efPJaICw==&utm_source=mouser-refine-download&utm_medium=file&utm_campaign=AX201.D2WG.L&utm_content=Intel,Wi-Fi 6 AX201,802.11 ax,"2.4 GHz, 5 GHz",2.4 Gb/s,,,,,,0 C,+ 80 C,WiFi,Bluetooth,LTE,,,,,,,,
607-AX201D2WGW,AX201.D2WG.W,Intel,https://ru.mouser.com/datasheet/2/612/wi_fi_6_ax201_module_brief-1661650.pdf,993  In Stock,$35.47,RoHS Compliant,New Product,https://ru.mouser.com/ProductDetail/Intel/AX201D2WGW?qs=OlC7AqGiEDlNy6%2BUu8AG6g==&utm_source=mouser-refine-download&utm_medium=file&utm_campaign=AX201.D2WG.W&utm_content=Intel,AX201,802.11 a/x,"2.4 GHz, 5 GHz",2.4 Gb/s,,,,,,0 C,+ 80 C,WiFi,Bluetooth,,,,,,,,,
607-AX200.D2WG.L,AX200.D2WG.L,Intel,https://ru.mouser.com/datasheet/2/612/wi-fi-6-ax200-module-brief-1661660.pdf,874  In Stock,$37.59,RoHS Compliant,New Product,https://ru.mouser.com/ProductDetail/Intel/AX200D2WGL?qs=rkhjVJ6/3ELsYfiq%2BD09Uw==&utm_source=mouser-refine-download&utm_medium=file&utm_campaign=AX200.D2WG.L&utm_content=Intel,Wi-Fi 6 AX200,802.11 ax,"2.4 GHz, 5 GHz",2.4 Gb/s,,,,,,0 C,+ 80 C,WiFi,Bluetooth,LTE,,,,,,,,
607-AX201D2WGLW,AX201.D2WG.LW,Intel,https://ru.mouser.com/datasheet/2/612/wi_fi_6_ax201_module_brief-1661650.pdf,995  In Stock,$38.01,RoHS Compliant,New Product,https://ru.mouser.com/ProductDetail/Intel/AX201D2WGLW?qs=OlC7AqGiEDlaqwKVyFt%2Brg==&utm_source=mouser-refine-download&utm_medium=file&utm_campaign=AX201.D2WG.LW&utm_content=Intel,AX201,802.11 a/x,"2.4 GHz, 5 GHz",2.4 Gb/s,,,,,,0 C,+ 80 C,WiFi,Bluetooth,,,,,,,,,
607-AX200D2WGLP,AX200.D2WG.LP,Intel,https://ru.mouser.com/datasheet/2/612/wi-fi-6-ax200-module-brief-1661660.pdf,801  In Stock,$40.56,RoHS Compliant,New Product,https://ru.mouser.com/ProductDetail/Intel/AX200D2WGLP?qs=OlC7AqGiEDkCw4E2BYTSUw==&utm_source=mouser-refine-download&utm_medium=file&utm_campaign=AX200.D2WG.LP&utm_content=Intel,AX200,802.11 a/x,"2.4 GHz, 5 GHz",2.4 Gb/s,"PCIe, USB",,,,,0 C,+ 80 C,WiFi,Bluetooth,,,,,,,,,
356-ESPWROOM3200US3,ESP32-WROOM-32U(M113DH3200US3Q0),Espressif Systems,https://ru.mouser.com/datasheet/2/891/esp32_wroom_32d_esp32_wroom_32u_datasheet_en-1365844.pdf,"1,870  In Stock",$6.32,,New Product,https://ru.mouser.com/ProductDetail/Espressif-Systems/ESP32-WROOM-32UM113DH3200US3Q0?qs=wnTfsH77Xs6OUWBau0izbQ==&utm_source=mouser-refine-download&utm_medium=file&utm_campaign=ESP32-WROOM-32U(M113DH3200US3Q0)&utm_content=Espressif-Systems,ESP32-WROOM,802.11 b/g/n,2.4 GHz to 2.5 GHz,150 Mb/s,"Ethernet, I2C, I2S, SD, SPI, UART",18.5 dBm,2.7 V to 3.6 V,,,- 40 C,+ 85 C,WiFi,,,,,,,,,,
607-3168.NGWG,3168.NGWG,Intel,https://ru.mouser.com/datasheet/2/612/dual-band-wireless-ac-3168-brief-1661622.pdf,385  In Stock,$11.74,RoHS Compliant,New Product,https://ru.mouser.com/ProductDetail/Intel/3168NGWG?qs=rkhjVJ6/3EImXAKcuHN4Qw==&utm_source=mouser-refine-download&utm_medium=file&utm_campaign=3168.NGWG&utm_content=Intel,Wireless-AC 3168,802.11 ac,,433 Mb/s,"PCIe, USB",,,,,0 C,+ 80 C,WiFi,Bluetooth,,,,,,,,,
607-AX201.D2WG.NV,AX201.D2WG.NV,Intel,https://ru.mouser.com/datasheet/2/612/wi_fi_6_ax201_module_brief-1661650.pdf,877  In Stock,$18.81,RoHS Compliant,New Product,https://ru.mouser.com/ProductDetail/Intel/AX201D2WGNV?qs=rkhjVJ6/3EJlmuf/mSVeMQ==&utm_source=mouser-refine-download&utm_medium=file&utm_campaign=AX201.D2WG.NV&utm_content=Intel,Wi-Fi 6 AX201,802.11 ax,"2.4 GHz, 5 GHz",2.4 Gb/s,,,,,,0 C,+ 80 C,WiFi,Bluetooth,,,,,,,,,
607-AX201.D2WG.LNV,AX201.D2WG.LNV,Intel,https://ru.mouser.com/datasheet/2/612/wi_fi_6_ax201_module_brief-1661650.pdf,942  In Stock,$21.14,RoHS Compliant,New Product,https://ru.mouser.com/ProductDetail/Intel/AX201D2WGLNV?qs=rkhjVJ6/3ELW6S48LstXFQ==&utm_source=mouser-refine-download&utm_medium=file&utm_campaign=AX201.D2WG.LNV&utm_content=Intel,Wi-Fi 6 AX201,802.11 ax,"2.4 GHz, 5 GHz",2.4 Gb/s,,,,,,0 C,+ 80 C,WiFi,Bluetooth,LTE,,,,,,,,
607-AX200.D2WG.LTNV,AX200.D2WG.LTNV,Intel,https://ru.mouser.com/datasheet/2/612/wi-fi-6-ax200-module-brief-1661660.pdf,788  In Stock,$23.50,RoHS Compliant,New Product,https://ru.mouser.com/ProductDetail/Intel/AX200D2WGLTNV?qs=rkhjVJ6/3EInEFrP%2BGYtaQ==&utm_source=mouser-refine-download&utm_medium=file&utm_campaign=AX200.D2WG.LTNV&utm_content=Intel,Wi-Fi 6 AX200,802.11 ax,"2.4 GHz, 5 GHz",2.4 Gb/s,,,,,,0 C,+ 80 C,WiFi,Bluetooth,LTE,,,,,,,,
607-AX201NGWGNVW,AX201.NGWG.NVW,Intel,https://ru.mouser.com/datasheet/2/612/wi_fi_6_ax201_module_brief-1661650.pdf,196  In Stock,$23.98,RoHS Compliant,New Product,https://ru.mouser.com/ProductDetail/Intel/AX201NGWGNVW?qs=OlC7AqGiEDleMyzin7oIFA==&utm_source=mouser-refine-download&utm_medium=file&utm_campaign=AX201.NGWG.NVW&utm_content=Intel,AX201,802.11 a/x,"2.4 GHz, 5 GHz",2.4 Gb/s,,,,,,0 C,+ 80 C,WiFi,Bluetooth,,,,,,,,,
607-AX201D2WGNVW,AX201.D2WG.NVW,Intel,https://ru.mouser.com/datasheet/2/612/wi_fi_6_ax201_module_brief-1661650.pdf,989  In Stock,$23.98,RoHS Compliant,New Product,https://ru.mouser.com/ProductDetail/Intel/AX201D2WGNVW?qs=OlC7AqGiEDlFxW3belMCXg==&utm_source=mouser-refine-download&utm_medium=file&utm_campaign=AX201.D2WG.NVW&utm_content=Intel,AX201,802.11 a/x,"2.4 GHz, 5 GHz",2.4 Gb/s,,,,,,0 C,+ 80 C,WiFi,Bluetooth,,,,,,,,,
607-AX200D2WGLNVP,AX200.D2WG.LNVP,Intel,https://ru.mouser.com/datasheet/2/612/wi-fi-6-ax200-module-brief-1661660.pdf,989  In Stock,$25.34,RoHS Compliant,New Product,https://ru.mouser.com/ProductDetail/Intel/AX200D2WGLNVP?qs=OlC7AqGiEDnUoPXYRq1k1w==&utm_source=mouser-refine-download&utm_medium=file&utm_campaign=AX200.D2WG.LNVP&utm_content=Intel,AX200,802.11 a/x,"2.4 GHz, 5 GHz",2.4 Gb/s,"PCIe, USB",,,,,0 C,+ 80 C,WiFi,Bluetooth,,,,,,,,,
607-AX200D2WGLTNP,AX200.D2WG.LTNP,Intel,https://ru.mouser.com/datasheet/2/612/wi-fi-6-ax200-module-brief-1661660.pdf,982  In Stock,$25.34,RoHS Compliant,New Product,https://ru.mouser.com/ProductDetail/Intel/AX200D2WGLTNP?qs=OlC7AqGiEDlOBG8DCONviQ==&utm_source=mouser-refine-download&utm_medium=file&utm_campaign=AX200.D2WG.LTNP&utm_content=Intel,AX200,802.11 a/x,"2.4 GHz, 5 GHz",2.4 Gb/s,"PCIe, USB",,,,,0 C,+ 80 C,WiFi,Bluetooth,,,,,,,,,
607-AX201D2WGLNVW,AX201.D2WG.LNVW,Intel,https://ru.mouser.com/datasheet/2/612/wi_fi_6_ax201_module_brief-1661650.pdf,994  In Stock,$26.98,RoHS Compliant,New Product,https://ru.mouser.com/ProductDetail/Intel/AX201D2WGLNVW?qs=OlC7AqGiEDnSx1d05wsNrw==&utm_source=mouser-refine-download&utm_medium=file&utm_campaign=AX201.D2WG.LNVW&utm_content=Intel,AX201,802.11 a/x,"2.4 GHz, 5 GHz",2.4 Gb/s,,,,,,0 C,+ 80 C,WiFi,Bluetooth,,,,,,,,,
607-9560.NGWG,9560.NGWG,Intel,https://ru.mouser.com/datasheet/2/612/dual-band-wireless-ac-9560-brief-1661655.pdf,113  In Stock,$28.21,RoHS Compliant,New Product,https://ru.mouser.com/ProductDetail/Intel/9560NGWG?qs=rkhjVJ6/3EK98xxJYRlhSA==&utm_source=mouser-refine-download&utm_medium=file&utm_campaign=9560.NGWG&utm_content=Intel,Wireless-AC 9560,802.11 ac,"2.4 GHz, 5 GHz",1.73 Gb/s,"PCIe, USB",,,,,0 C,+ 80 C,WiFi,Bluetooth,,,,,,,,,
607-AX201.NGWG,AX201.NGWG,Intel,https://ru.mouser.com/datasheet/2/612/wi_fi_6_ax201_module_brief-1661650.pdf,166  In Stock,$32.90,RoHS Compliant,New Product,https://ru.mouser.com/ProductDetail/Intel/AX201NGWG?qs=rkhjVJ6/3EKbdltUxbSxjA==&utm_source=mouser-refine-download&utm_medium=file&utm_campaign=AX201.NGWG&utm_content=Intel,Wi-Fi 6 AX201,802.11 ax,"2.4 GHz, 5 GHz",2.4 Gb/s,,,,,,0 C,+ 80 C,WiFi,Bluetooth,,,,,,,,,
607-AX201NGWGW,AX201.NGWG.W,Intel,https://ru.mouser.com/datasheet/2/612/wi_fi_6_ax201_module_brief-1661650.pdf,149  In Stock,$35.47,RoHS Compliant,New Product,https://ru.mouser.com/ProductDetail/Intel/AX201NGWGW?qs=OlC7AqGiEDmnWcRjB8iUvQ==&utm_source=mouser-refine-download&utm_medium=file&utm_campaign=AX201.NGWG.W&utm_content=Intel,AX201,802.11 a/x,"2.4 GHz, 5 GHz",2.4 Gb/s,,,,,,0 C,+ 80 C,WiFi,Bluetooth,,,,,,,,,
923-WISE-4610-NA,WISE-4610-NA,Advantech,https://ru.mouser.com/datasheet/2/638/WISE_4610_DS_082820_20200828154620-2010484.pdf,12  In Stock,$332.52,,New Product,https://ru.mouser.com/ProductDetail/Advantech/WISE-4610-NA?qs=vHuUswq2%2BszrVUs1P9vjCw==&utm_source=mouser-refine-download&utm_medium=file&utm_campaign=WISE-4610-NA&utm_content=Advantech,,,"863 MHz to 870 MHz, 902 MHz to 928 MHz, 915 MHz to 928 MHz",,USB,18 dBm,10 V to 50 V,,,0 C,+ 60 C,WiFi,,,,,,,,,,
356-ESP32S2WRV3216PH,ESP32-S2-WROVER(M22S2H3216PH3Q0),Espressif Systems,https://ru.mouser.com/datasheet/2/891/esp32_s2_wrover_esp32_s2_wrover_i_datasheet_en-1901864.pdf,"1,066  In Stock",$3.56,RoHS Compliant,New Product,https://ru.mouser.com/ProductDetail/Espressif-Systems/ESP32-S2-WROVERM22S2H3216PH3Q0?qs=vHuUswq2%2BswhBPbltcIS8Q==&utm_source=mouser-refine-download&utm_medium=file&utm_campaign=ESP32-S2-WROVER(M22S2H3216PH3Q0)&utm_content=Espressif-Systems,ESP32-S2-WROVER,802.11 b/g/n,2.4 GHz,,"ADC, GPIO, I2C, I2S, PWM, SPI, UART",19.5 dBm,3.3 V,,,,,WiFi,,,,,Tray,,,,,
356-ESP32WRVE23264PC,ESP32-WROVER-E(M213EH3264PH3Q0),Espressif Systems,https://ru.mouser.com/datasheet/2/891/esp32_wrover_e_esp32_wrover_ie_datasheet_en-1855913.pdf,932  In Stock,$4.63,RoHS Compliant,New Product,https://ru.mouser.com/ProductDetail/Espressif-Systems/ESP32-WROVER-EM213EH3264PH3Q0?qs=vmHwEFxEFR/0xB4xJaURtQ==&utm_source=mouser-refine-download&utm_medium=file&utm_campaign=ESP32-WROVER-E(M213EH3264PH3Q0)&utm_content=Espressif-Systems,ESP32-WROVER,802.11 b/g/n,2.4 GHz to 2.5 GHz,150 Mb/s,"I2C, I2S, SPI, UART",20 dBm,2.3 V to 3.6 V,,,- 40 C,+ 65 C,WiFi,,,,,Tray,,,,,
356-ESP32WRM32UE28UH,ESP32-WROOM-32UE(M113EH2800UH3Q0),Espressif Systems,https://ru.mouser.com/datasheet/2/891/esp32_wroom_32e_esp32_wroom_32ue_datasheet_en-1855879.pdf,492  In Stock,$5.06,RoHS Compliant,New Product,https://ru.mouser.com/ProductDetail/Espressif-Systems/ESP32-WROOM-32UEM113EH2800UH3Q0?qs=vHuUswq2%2BswmjMZOJoYkgw==&utm_source=mouser-refine-download&utm_medium=file&utm_campaign=ESP32-WROOM-32UE(M113EH2800UH3Q0)&utm_content=Espressif-Systems,ESP32-WROOM,802.11 b/g/n,2.4 GHz to 2.5 GHz,150 Mb/s,"I2C, I2S, SPI, UART",20 dBm,3 V to 3.6 V,,,- 40 C,+ 85 C,WiFi,,,,,Tray,,,,,
356-ESP32WRVIE6464UC,ESP32-WROVER-IE(M213EH6464UH3Q0),Espressif Systems,https://ru.mouser.com/datasheet/2/891/esp32_wrover_e_esp32_wrover_ie_datasheet_en-1855913.pdf,483  In Stock,$5.06,RoHS Compliant,New Product,https://ru.mouser.com/ProductDetail/Espressif-Systems/ESP32-WROVER-IEM213EH6464UH3Q0?qs=vmHwEFxEFR8dEk/0jf8bsw==&utm_source=mouser-refine-download&utm_medium=file&utm_campaign=ESP32-WROVER-IE(M213EH6464UH3Q0)&utm_content=Espressif-Systems,ESP32-WROVER,802.11 b/g/n,2.4 GHz to 2.5 GHz,150 Mb/s,"I2C, I2S, SPI, UART",20 dBm,2.3 V to 3.6 V,,,- 40 C,+ 65 C,WiFi,,,,,Tray,,,,,
356-ESPWROOM3200PS3,ESP32-WROOM-32D(M113DH3200PS3Q0),Espressif Systems,https://ru.mouser.com/datasheet/2/891/esp32_wroom_32d_esp32_wroom_32u_datasheet_en-1365844.pdf,"2,075  In Stock",$6.32,,New Product,https://ru.mouser.com/ProductDetail/Espressif-Systems/ESP32-WROOM-32DM113DH3200PS3Q0?qs=wnTfsH77Xs7iNQbBNob0RQ==&utm_source=mouser-refine-download&utm_medium=file&utm_campaign=ESP32-WROOM-32D(M113DH3200PS3Q0)&utm_content=Espressif-Systems,ESP32-WROOM,802.11 b/g/n,2.4 GHz to 2.5 GHz,150 Mb/s,"Ethernet, I2C, I2S, SD, SPI, UART",18.5 dBm,2.7 V to 3.6 V,,,- 40 C,+ 105 C,WiFi,,,,,,,,,,
607-9260.NGWG,9260.NGWG,Intel,https://ru.mouser.com/datasheet/2/612/dual_band_wireless_ac_9260_brief-1661665.pdf,93  In Stock,$30.56,RoHS Compliant,New Product,https://ru.mouser.com/ProductDetail/Intel/9260NGWG?qs=rkhjVJ6/3ELDw5r43pGv0Q==&utm_source=mouser-refine-download&utm_medium=file&utm_campaign=9260.NGWG&utm_content=Intel,Wireless-AC 9260,802.11 ac,"2.4 GHz, 5 GHz",1.73 Gb/s,"PCIe, USB",,,,,0 C,+ 80 C,WiFi,Bluetooth,,,,,,,,,
239-ST60-2230C-UU,ST60-2230C-UU,Laird Connectivity,https://ru.mouser.com/datasheet/2/986/CS_DS_ST60_2230C_v2_17-1894152.pdf,56  In Stock,$53.37,RoHS Compliant,New Product,https://ru.mouser.com/ProductDetail/Laird-Connectivity/ST60-2230C-UU?qs=BJlw7L4Cy7%2BcC/tTfK61vg==&utm_source=mouser-refine-download&utm_medium=file&utm_campaign=ST60-2230C-UU&utm_content=Laird-Connectivity,60-2230C,,"2.4 GHz, 5 GHz",3 Mb/s,USB,18 dBm,3.3 V,"510 mA, 530 mA",,- 30 C,+ 85 C,WiFi,,,,,Tray,,,,,
356-ESP32-PICOV3ZERO,ESP32-PICO-V3-ZERO(P103AH0000PH3Q0),Espressif Systems,,581  In Stock,$4.84,RoHS Compliant,New Product,https://ru.mouser.com/ProductDetail/Espressif-Systems/ESP32-PICO-V3-ZEROP103AH0000PH3Q0?qs=vmHwEFxEFR/GahBiDhRFHA==&utm_source=mouser-refine-download&utm_medium=file&utm_campaign=ESP32-PICO-V3-ZERO(P103AH0000PH3Q0)&utm_content=Espressif-Systems,ESP32,802.11 b/g/n,2.412 GHz to 2.484 GHz,150 Mb/s,"GPIO, I2C, I2S, SDIO, SPI, UART",19.5 dBm,3 V to 3.6 V,233 mA,116 mA,- 40 C,+ 85 C,,,,,,"Cut Tape, Reel",,,,,
595-C3235MODASM2MONR,CC3235MODASM2MONR,Texas Instruments,http://www.ti.com/lit/ds/symlink/cc3235modas.pdf,598  In Stock,$32.42,In Transition,New Product,https://ru.mouser.com/ProductDetail/Texas-Instruments/CC3235MODASM2MONR?qs=OTrKUuiFdkaSFqNogUw97Q==&utm_source=mouser-refine-download&utm_medium=file&utm_campaign=CC3235MODASM2MONR&utm_content=Texas-Instruments,CC3235MODAS,802.11 a/b/g/n,"2.4 GHz, 5 GHz",16 Mb/s,"I2C, SPI, UART, USB","15.1 dBm, 16 dBm",2.3 V to 3.6 V,,,- 40 C,+ 85 C,WiFi,,,,,"Cut Tape, Reel",,,,,
239-ST60-2230C-U,ST60-2230C-U,Laird Connectivity,https://ru.mouser.com/datasheet/2/986/CS_DS_ST60_2230C_v2_17-1894152.pdf,118  In Stock,$57.68,RoHS Compliant,New At Mouser,https://ru.mouser.com/ProductDetail/Laird-Connectivity/ST60-2230C-U?qs=RcG8xmE7yp31NDlViWxuOA==&utm_source=mouser-refine-download&utm_medium=file&utm_campaign=ST60-2230C-U&utm_content=Laird-Connectivity,60-2230C,,,,,,,,,,,WiFi,,,,,Tray,,,,,
607-9560.NGWG.NV,9560.NGWG.NV,Intel,https://ru.mouser.com/datasheet/2/612/dual-band-wireless-ac-9560-brief-1661655.pdf,79  In Stock,$16.45,RoHS Compliant,New Product,https://ru.mouser.com/ProductDetail/Intel/9560NGWGNV?qs=rkhjVJ6/3EIKuDw5VexrrA==&utm_source=mouser-refine-download&utm_medium=file&utm_campaign=9560.NGWG.NV&utm_content=Intel,Wireless-AC 9560,802.11 ac,"2.4 GHz, 5 GHz",1.73 Gb/s,"PCIe, USB",,,,,0 C,+ 80 C,WiFi,Bluetooth,,,,,,,,,
356-ESP32S2WRMI320UH,ESP32-S2-WROOM-I(M22S2H3200UH3Q0),Espressif Systems,https://ru.mouser.com/datasheet/2/891/esp32_s2_datasheet_en-1773066.pdf,615  In Stock,$3.24,RoHS Compliant,New Product,https://ru.mouser.com/ProductDetail/Espressif-Systems/ESP32-S2-WROOM-IM22S2H3200UH3Q0?qs=vHuUswq2%2BswK/NdFP9puyg==&utm_source=mouser-refine-download&utm_medium=file&utm_campaign=ESP32-S2-WROOM-I(M22S2H3200UH3Q0)&utm_content=Espressif-Systems,ESP32-S2-WROOM,802.11 b/g/n,2.4 GHz,,"ADC, GPIO, I2C, I2S, PWM, SPI, UART",19.5 dBm,3.3 V,,,,,WiFi,,,,,Tray,,,,,
356-ESP32S2WRVI321PH,ESP32-S2-WROVER-I(M22S2H3216UH3Q0),Espressif Systems,https://ru.mouser.com/datasheet/2/891/esp32_s2_datasheet_en-1773066.pdf,86  In Stock,$3.56,RoHS Compliant,New Product,https://ru.mouser.com/ProductDetail/Espressif-Systems/ESP32-S2-WROVER-IM22S2H3216UH3Q0?qs=vHuUswq2%2BszxnrhiZVBtvw==&utm_source=mouser-refine-download&utm_medium=file&utm_campaign=ESP32-S2-WROVER-I(M22S2H3216UH3Q0)&utm_content=Espressif-Systems,ESP32-S2-WROVER,802.11 b/g/n,2.4 GHz,,"ADC, GPIO, I2C, I2S, PWM, SPI, UART",19.5 dBm,3.3 V,,,,,WiFi,,,,,Tray,,,,,
607-8265.NGWMG,8265.NGWMG,Intel,https://ru.mouser.com/datasheet/2/612/dual-band-wireless-ac-8265-brief-1219566.pdf,"1,028  In Stock",$39.95,RoHS Compliant,,https://ru.mouser.com/ProductDetail/Intel/8265NGWMG?qs=j%2B1pi9TdxUaUVpH7jEPzhA==&utm_source=mouser-refine-download&utm_medium=file&utm_campaign=8265.NGWMG&utm_content=Intel,8265,802.11 ac,"2.4 GHz, 5 GHz",867 Mb/s,"PCIe, USB",,,,,0 C,+ 80 C,WiFi,Bluetooth,,,,,,,,,
724-16600MODAAE4WA32,DA16600MOD-AAE4WA32,Dialog Semiconductor,https://ru.mouser.com/datasheet/2/713/da16600_module_product_brief_20_04_28-1955112.pdf,498  In Stock,$18.61,RoHS Compliant,New Product,https://ru.mouser.com/ProductDetail/Dialog-Semiconductor/DA16600MOD-AAE4WA32?qs=IS%2B4QmGtzzpESGwQOIWzsw==&utm_source=mouser-refine-download&utm_medium=file&utm_campaign=DA16600MOD-AAE4WA32&utm_content=Dialog-Semiconductor,,,,,,,,,,,,,,,,,"Cut Tape, Reel",,,,,
724-16600MODAAC4WA32,DA16600MOD-AAC4WA32,Dialog Semiconductor,https://ru.mouser.com/datasheet/2/713/da16600_module_product_brief_20_04_28-1955112.pdf,480  In Stock,$18.71,RoHS Compliant,New Product,https://ru.mouser.com/ProductDetail/Dialog-Semiconductor/DA16600MOD-AAC4WA32?qs=IS%2B4QmGtzzrJEqheZqobOw==&utm_source=mouser-refine-download&utm_medium=file&utm_campaign=DA16600MOD-AAC4WA32&utm_content=Dialog-Semiconductor,,,,,,,,,,,,,,,,,"Cut Tape, Reel",,,,,
607-8265.NGWMG.S,8265.NGWMG.S,Intel,https://ru.mouser.com/datasheet/2/612/dual-band-wireless-ac-8265-brief-1219566.pdf,105  In Stock,$39.95,RoHS Compliant,,https://ru.mouser.com/ProductDetail/Intel/8265NGWMGS?qs=j%2B1pi9TdxUaFyVN7iF/M1g==&utm_source=mouser-refine-download&utm_medium=file&utm_campaign=8265.NGWMG.S&utm_content=Intel,8265,802.11 ac,"2.4 GHz, 5 GHz",867 Mb/s,"PCIe, USB",,,,,0 C,+ 80 C,WiFi,Bluetooth,,,,,,,,,
356-ESPWROOM-02D,ESP-WROOM-02D(M1102H1600PH3Q0),Espressif Systems,https://ru.mouser.com/datasheet/2/891/0c_esp_wroom_02_datasheet_en-1365805.pdf,"3,102  In Stock",$4.86,,,https://ru.mouser.com/ProductDetail/Espressif-Systems/ESP-WROOM-02DM1102H1600PH3Q0?qs=W/MpXkg%2BdQ7uLx0o5BFnuQ==&utm_source=mouser-refine-download&utm_medium=file&utm_campaign=ESP-WROOM-02D(M1102H1600PH3Q0)&utm_content=Espressif-Systems,ESP-WROOM,802.11 b/g/n,2.4 GHz to 2.5 GHz,72.2 Mb/s,Serial,20 dBm,2.7 V to 3.6 V,170 mA,56 mA,- 40 C,+ 85 C,WiFi,,,,,,,,,,
356-ESPWROOM02D(4MB),ESP-WROOM-02D(M1102H3200PH3Q0),Espressif Systems,https://ru.mouser.com/datasheet/2/891/0c_esp_wroom_02_datasheet_en-1365805.pdf,"1,636  In Stock",$5.19,,,https://ru.mouser.com/ProductDetail/Espressif-Systems/ESP-WROOM-02DM1102H3200PH3Q0?qs=W/MpXkg%2BdQ6VfEEQ948I3Q==&utm_source=mouser-refine-download&utm_medium=file&utm_campaign=ESP-WROOM-02D(M1102H3200PH3Q0)&utm_content=Espressif-Systems,ESP-WROOM,802.11 b/g/n,2.4 GHz to 2.5 GHz,72.2 Mb/s,,20 dBm,2.7 V to 3.6 V,170 mA,56 mA,- 40 C,+ 85 C,WiFi,,,,,,,,,,
356-ESP32WROOM-32D,ESP32-WROOM-32D(M113DH3200PH3Q0),Espressif Systems,https://ru.mouser.com/datasheet/2/891/esp32_wroom_32d_esp32_wroom_32u_datasheet_en-1365844.pdf,"1,665  In Stock",$6.17,,,https://ru.mouser.com/ProductDetail/Espressif-Systems/ESP32-WROOM-32DM113DH3200PH3Q0?qs=W/MpXkg%2BdQ5YcAmhj3kVpA==&utm_source=mouser-refine-download&utm_medium=file&utm_campaign=ESP32-WROOM-32D(M113DH3200PH3Q0)&utm_content=Espressif-Systems,,802.11 b/g/n,2.4 GHz to 2.5 GHz,150 Mb/s,Serial,20 dBm,2.7 V to 3.6 V,,,- 40 C,+ 85 C,WiFi,,,,,"Cut Tape, MouseReel, Reel",,,,,
356-ESP32-WROOM-32U,ESP32-WROOM-32U(M113DH3200UH3Q0),Espressif Systems,https://ru.mouser.com/datasheet/2/891/esp32_wroom_32_datasheet_en-1510934.pdf,"2,567  In Stock",$6.17,RoHS Compliant,,https://ru.mouser.com/ProductDetail/Espressif-Systems/ESP32-WROOM-32UM113DH3200UH3Q0?qs=W/MpXkg%2BdQ4Fqx/ReRQpFQ==&utm_source=mouser-refine-download&utm_medium=file&utm_campaign=ESP32-WROOM-32U(M113DH3200UH3Q0)&utm_content=Espressif-Systems,,802.11 b/g/n,2.4 GHz to 2.5 GHz,150 Mb/s,Serial,20 dBm,2.7 V to 3.6 V,,,- 40 C,+ 85 C,WiFi,,,,,,,,,,
356-ESP32WROOM32U8MB,ESP32-WROOM-32U(M113DH6400UH3Q0),Espressif Systems,https://ru.mouser.com/datasheet/2/891/esp32_wroom_32d_esp32_wroom_32u_datasheet_en-1365844.pdf,702  In Stock,$6.82,,,https://ru.mouser.com/ProductDetail/Espressif-Systems/ESP32-WROOM-32UM113DH6400UH3Q0?qs=W/MpXkg%2BdQ6VK2zQlAG1IA==&utm_source=mouser-refine-download&utm_medium=file&utm_campaign=ESP32-WROOM-32U(M113DH6400UH3Q0)&utm_content=Espressif-Systems,ESP32-WROOM,802.11 b/g/n,2.4 GHz to 2.5 GHz,150 Mb/s,Serial,20 dBm,2.7 V to 3.6 V,,,- 40 C,+ 85 C,WiFi,,,,,,,,,,
308-ESP32M4,ESP32M4,Fanstel,https://ru.mouser.com/datasheet/2/915/Fanstel_11192020_ESP32-1923890.pdf,681  In Stock,$10.78,RoHS Compliant,New Product,https://ru.mouser.com/ProductDetail/Fanstel/ESP32M4?qs=zW32dvEIR3usoQgCU8v/Pg==&utm_source=mouser-refine-download&utm_medium=file&utm_campaign=ESP32M4&utm_content=Fanstel,,,,,,,,,,,,,,,,,,,,,,
634-WF111-E-V1,WF111-E-V1,Silicon Labs,https://ru.mouser.com/datasheet/2/368/wf111-datasheet-1372094.pdf,327  In Stock,$16.58,RoHS Compliant,,https://ru.mouser.com/ProductDetail/Silicon-Labs/WF111-E-V1?qs=HEwohhpQi9bc%2BE4Y%2BnqWuA==&utm_source=mouser-refine-download&utm_medium=file&utm_campaign=WF111-E-V1&utm_content=Silicon-Labs,WF111,802.11 b/g/n,2.4 GHz,72.2 Mb/s,,21.1 dBm,1.7 V to 4.8 V,248 mA,240 mA,- 40 C,+ 85 C,WiFi,,,,,"Cut Tape, Reel",,,,,
814-ST60-SIPT,ST60-SIPT,Laird Connectivity,https://ru.mouser.com/datasheet/2/986/CS-DS-60-SIPT_v1_20-1815654.pdf,179  In Stock,$65.90,RoHS Compliant,,https://ru.mouser.com/ProductDetail/Laird-Connectivity/ST60-SIPT?qs=BZBei1rCqCAbC0Z6FokSfA==&utm_source=mouser-refine-download&utm_medium=file&utm_campaign=ST60-SIPT&utm_content=Laird-Connectivity,60-SIPT,802.11 a/ac/b/g/n,2.4 GHz to 5.825 GHz,866 Mb/s,"USB, SDIO, PCIE",-,-,-,-,- 30 C,+ 85 C,WiFi,,,,,"Cut Tape, Reel",,,,,
814-ST60-2230C,ST60-2230C,Laird Connectivity,https://ru.mouser.com/datasheet/2/986/CS_DS_ST60_2230C_v2_17-1894152.pdf,225  In Stock,$52.47,RoHS Compliant,,https://ru.mouser.com/ProductDetail/Laird-Connectivity/ST60-2230C?qs=BZBei1rCqCBcKftpjvvcxQ==&utm_source=mouser-refine-download&utm_medium=file&utm_campaign=ST60-2230C&utm_content=Laird-Connectivity,60-2230C,802.11 a/ac/b/g/n,2.4 GHz to 5.825 GHz,866 Mb/s,"USB, SDIO, PCIE",-,-,-,-,- 30 C,+ 85 C,WiFi,,,,,Tray,,,,,
239-ST60-2230C-PU,ST60-2230C-PU,Laird Connectivity,https://ru.mouser.com/datasheet/2/986/CS_DS_ST60_2230C_P_ST60_2230C_PU_v1_14-1894142.pdf,165  In Stock,$57.68,RoHS Compliant,,https://ru.mouser.com/ProductDetail/Laird-Connectivity/ST60-2230C-PU?qs=qSfuJ%2Bfl/d7EJj9nH9QRaQ==&utm_source=mouser-refine-download&utm_medium=file&utm_campaign=ST60-2230C-PU&utm_content=Laird-Connectivity,60-2230C,,"2.4 GHz, 5 GHz",866.7 Mb/s,Serial,18 dBm,3.3 V,,,- 30 C,+ 85 C,WiFi,Bluetooth,PCIe,,,Tray,,,,,
603-WF111-A,WF111-A-V1,Silicon Labs,https://ru.mouser.com/datasheet/2/368/wf111-datasheet-1372094.pdf,782  In Stock,$16.58,RoHS Compliant,,https://ru.mouser.com/ProductDetail/Silicon-Labs/WF111-A-V1?qs=HEwohhpQi9YxHjF8JdgqaA==&utm_source=mouser-refine-download&utm_medium=file&utm_campaign=WF111-A-V1&utm_content=Silicon-Labs,WF111,802.11 b/g/n,2.4 GHz,72.2 Mb/s,,21.1 dBm,1.7 V to 4.8 V,248 mA,240 mA,- 40 C,+ 85 C,WiFi,,,,,"Cut Tape, Reel",,,,,
125-MTXDOT-NA1-A00-1,MTXDOT-NA1-A00-1,MultiTech,https://ru.mouser.com/datasheet/2/1061/86002182-1857911.pdf,200  In Stock,$45.83,,New Product,https://ru.mouser.com/ProductDetail/MultiTech/MTXDOT-NA1-A00-1?qs=7MVldsJ5UaxJKLRRTAEHbg==&utm_source=mouser-refine-download&utm_medium=file&utm_campaign=MTXDOT-NA1-A00-1&utm_content=MultiTech,,,902 MHz to 928 MHz,,"I2C, SPI, UART",19 dBm,,,,- 40 C,+ 85 C,LoRaWAN 1.0.2,,,,,,,,,,
634-AMW007-1.2.0R,AMW007-1.2.0R,Silicon Labs,https://ru.mouser.com/datasheet/2/368/ADS-MW007-ZentriOS-105R-1398004.pdf,799  In Stock,$9.90,,,https://ru.mouser.com/ProductDetail/Silicon-Labs/AMW007-120R?qs=1mbolxNpo8c2j4Az4KNqhA==&utm_source=mouser-refine-download&utm_medium=file&utm_campaign=AMW007-1.2.0R&utm_content=Silicon-Labs,AMW007,802.11 b/g/n,2.4 GHz,"11 Mb/s, 54 Mb/s","GPIO, PWM, SPI, UART","15 dBm, 19 dBm",3.3 V,"100 mA, 150 mA, 200 mA",50 mA,- 40 C,+ 85 C,WiFi,,,,,Reel,,,,,
724-DA16200MODAAE432,DA16200MOD-AAE4WA32,Dialog Semiconductor,https://www.dialog-semiconductor.com/products/connectivity/wi-fi/da16200-modules,485  In Stock,$16.47,RoHS Compliant,New Product,https://ru.mouser.com/ProductDetail/Dialog-Semiconductor/DA16200MOD-AAE4WA32?qs=sPbYRqrBIVmqeF/RXDEoow==&utm_source=mouser-refine-download&utm_medium=file&utm_campaign=DA16200MOD-AAE4WA32&utm_content=Dialog-Semiconductor,,,32.768 kHz,73 Mb/s,"GPIO, I2C, JTAG, SPI, UART",,3.3 V,,,,,802.11 b/g/n,,,,,"Cut Tape, Reel",,,,,
125-MTXDOTNA1A01100,MTXDOT-NA1-A01-100,MultiTech,https://ru.mouser.com/datasheet/2/1061/86002182-1857911.pdf,100  In Stock,$38.38,,New Product,https://ru.mouser.com/ProductDetail/MultiTech/MTXDOT-NA1-A01-100?qs=7MVldsJ5UawPqmX6mU5A2A==&utm_source=mouser-refine-download&utm_medium=file&utm_campaign=MTXDOT-NA1-A01-100&utm_content=MultiTech,,,902 MHz to 928 MHz,,"I2C, SPI, UART",19 dBm,,,,- 40 C,+ 85 C,LoRaWAN 1.0.2,,,,,,,,,,
125-MTDOT868X1PSMA1,MTDOT-868-X1P-SMA-1,MultiTech,https://ru.mouser.com/datasheet/2/1061/86002171-1857828.pdf,30  In Stock,$99.50,,New Product,https://ru.mouser.com/ProductDetail/MultiTech/MTDOT-868-X1P-SMA-1?qs=7MVldsJ5UaztEypqun8jsA==&utm_source=mouser-refine-download&utm_medium=file&utm_campaign=MTDOT-868-X1P-SMA-1&utm_content=MultiTech,,,868 MHz,,"I2C, SPI, UART",14 dBm,3.3 V to 5 V,,,- 40 C,+ 85 C,LoRaWAN 1.0.2,,,,,,,,,,
634-WF111-N-V1,WF111-N-V1,Silicon Labs,https://ru.mouser.com/datasheet/2/368/wf111-datasheet-1372094.pdf,400  In Stock,$27.33,,,https://ru.mouser.com/ProductDetail/Silicon-Labs/WF111-N-V1?qs=oovrhCKXU/QBNIvJPjEAhA==&utm_source=mouser-refine-download&utm_medium=file&utm_campaign=WF111-N-V1&utm_content=Silicon-Labs,WF111,802.11 b/g/n,2.4 GHz,72.2 Mb/s,SPI,21.1 dBm,1.7 V to 4.8 V,248 mA,240 mA,- 40 C,+ 85 C,WiFi,,,,,"Cut Tape, Reel",,,,,
474-WRL-17743,WRL-17743,SparkFun,,22  In Stock,$32.36,,New Product,https://ru.mouser.com/ProductDetail/SparkFun/WRL-17743?qs=CiayqK2gdcLlWHsHtZL91g==&utm_source=mouser-refine-download&utm_medium=file&utm_campaign=WRL-17743&utm_content=SparkFun,,,,,,,,,,,,,,,,,,,,,,
125-MTDOT915M1UFL1,MTDOT-915-M1-UFL-1,MultiTech,https://ru.mouser.com/datasheet/2/1061/86002171-1857828.pdf,10  In Stock,$82.10,,New Product,https://ru.mouser.com/ProductDetail/MultiTech/MTDOT-915-M1-UFL-1?qs=7MVldsJ5UaxYL3MZozbJpg==&utm_source=mouser-refine-download&utm_medium=file&utm_campaign=MTDOT-915-M1-UFL-1&utm_content=MultiTech,,,915 MHz,,"I2C, SPI, UART",19 dBm,3.3 V to 5 V,,,- 40 C,+ 85 C,LoRaWAN 1.0.2,,,,,,,,,,
356-ESPWROOM-02U,ESP-WROOM-02U(M1102H1600UH3Q0),Espressif Systems,https://ru.mouser.com/datasheet/2/891/0c_esp_wroom_02_datasheet_en-1365805.pdf,386  In Stock,$5.19,,,https://ru.mouser.com/ProductDetail/Espressif-Systems/ESP-WROOM-02UM1102H1600UH3Q0?qs=MLItCLRbWsyBXnZlCM12eQ==&utm_source=mouser-refine-download&utm_medium=file&utm_campaign=ESP-WROOM-02U(M1102H1600UH3Q0)&utm_content=Espressif-Systems,ESP-WROOM,802.11 b/g/n,2.4 GHz to 2.5 GHz,72.2 Mb/s,Serial,20 dBm,2.7 V to 3.6 V,170 mA,56 mA,- 40 C,+ 85 C,WiFi,,,,,,,,,,
356-ESP32WROOM32D8MB,ESP32-WROOM-32D(M113DH6400PH3Q0),Espressif Systems,https://ru.mouser.com/datasheet/2/891/esp32_wroom_32d_esp32_wroom_32u_datasheet_en-1365844.pdf,35  In Stock,$6.82,,,https://ru.mouser.com/ProductDetail/Espressif-Systems/ESP32-WROOM-32DM113DH6400PH3Q0?qs=W/MpXkg%2BdQ6SoTMG%2BWcNZQ==&utm_source=mouser-refine-download&utm_medium=file&utm_campaign=ESP32-WROOM-32D(M113DH6400PH3Q0)&utm_content=Espressif-Systems,ESP32-WROOM,802.11 b/g/n,2.4 GHz to 2.5 GHz,150 Mb/s,Serial,20 dBm,2.7 V to 3.6 V,,,- 40 C,+ 85 C,WiFi,,,,,,,,,,
356-ES32WROOM32U16MB,ESP32-WROOM-32U(M113DH2800UH3Q0),Espressif Systems,https://ru.mouser.com/datasheet/2/891/esp32_wroom_32d_esp32_wroom_32u_datasheet_en-1365844.pdf,65  In Stock,$7.30,,,https://ru.mouser.com/ProductDetail/Espressif-Systems/ESP32-WROOM-32UM113DH2800UH3Q0?qs=W/MpXkg%2BdQ5E9v8PGyRbpw==&utm_source=mouser-refine-download&utm_medium=file&utm_campaign=ESP32-WROOM-32U(M113DH2800UH3Q0)&utm_content=Espressif-Systems,ESP32-WROOM,802.11 b/g/n,2.4 GHz to 2.5 GHz,150 Mb/s,Serial,20 dBm,2.7 V to 3.6 V,,,- 40 C,+ 85 C,WiFi,,,,,,,,,,
474-WRL-17146,WRL-17146,SparkFun,,129  In Stock,$11.28,,New Product,https://ru.mouser.com/ProductDetail/SparkFun/WRL-17146?qs=DPoM0jnrROXqYUXDsg9bzA==&utm_source=mouser-refine-download&utm_medium=file&utm_campaign=WRL-17146&utm_content=SparkFun,,,,,,,,,,,,,,,,,,,,,,
356-ESPWROOM02U(4MB),ESP-WROOM-02U(M1102H3200UH3Q0),Espressif Systems,https://ru.mouser.com/datasheet/2/891/0c_esp_wroom_02_datasheet_en-1365805.pdf,394  In Stock,$5.36,,,https://ru.mouser.com/ProductDetail/Espressif-Systems/ESP-WROOM-02UM1102H3200UH3Q0?qs=0lSvoLzn4L9GnF/XiDKwyg==&utm_source=mouser-refine-download&utm_medium=file&utm_campaign=ESP-WROOM-02U(M1102H3200UH3Q0)&utm_content=Espressif-Systems,ESP-WROOM,802.11 b/g/n,2.4 GHz to 2.5 GHz,72.2 Mb/s,,20 dBm,2.7 V to 3.6 V,170 mA,56 mA,- 40 C,+ 85 C,WiFi,,,,,,,,,,
924-EAR00370,EAR00370,Embedded Artists,https://ru.mouser.com/datasheet/2/131/1YM_M2_Datasheet-1947967.pdf,,,RoHS Compliant,New Product,https://ru.mouser.com/ProductDetail/Embedded-Artists/EAR00370?qs=KUoIvG/9IlZQKDh/TJxRAw==&utm_source=mouser-refine-download&utm_medium=file&utm_campaign=EAR00370&utm_content=Embedded-Artists,,,,,,,,,,,,,,,,,,,,,,
634-WF121-A-V2,WF121-A-V2,Silicon Labs,https://ru.mouser.com/datasheet/2/368/Bluegiga_WF121_Datasheet-1203323.pdf,26  In Stock,$34.09,RoHS Compliant,,https://ru.mouser.com/ProductDetail/Silicon-Labs/WF121-A-V2?qs=8HqIXBaaO6y%2BU5ZnC5NF0g==&utm_source=mouser-refine-download&utm_medium=file&utm_campaign=WF121-A-V2&utm_content=Silicon-Labs,WF121,802.11 b/g/n,2.4 GHz,"11 Mb/s, 54 Mb/s, 72.2 Mb/s","Ethernet, GPIO, I2C, SPI, UART, USB",17 dBm,"3.3 V, 2.7 V to 4.8 V",143 mA,127 mA,- 40 C,+ 85 C,WiFi,,,,,"Cut Tape, Reel",,,,,
426-FIT0628,FIT0628,DFRobot,,30  In Stock,$13.79,,New Product,https://ru.mouser.com/ProductDetail/DFRobot/FIT0628?qs=%2B6g0mu59x7KyRKUyo0xpcA==&utm_source=mouser-refine-download&utm_medium=file&utm_campaign=FIT0628&utm_content=DFRobot,,802.11 b/g/n,2.4 GHz to 2.4835 GHz,150 Mb/s,USB,20 dBm,,,,0 C,+ 40 C,WiFi,,,,,,,,,,
125-MTXDOT-EU1-A00-1,MTXDOT-EU1-A00-1,MultiTech,https://ru.mouser.com/datasheet/2/1061/86002182-1857911.pdf,43  In Stock,$45.83,,New Product,https://ru.mouser.com/ProductDetail/MultiTech/MTXDOT-EU1-A00-1?qs=7MVldsJ5UaxlQwNpIu/6TQ==&utm_source=mouser-refine-download&utm_medium=file&utm_campaign=MTXDOT-EU1-A00-1&utm_content=MultiTech,,,860 MHz to 870 MHz,,"I2C, SPI, UART",14 dBm,,,,- 40 C,+ 85 C,LoRaWAN 1.0.2,,,,,,,,,,
924-EAR00373,EAR00373,Embedded Artists,,24  In Stock,$69.07,RoHS Compliant,New Product,https://ru.mouser.com/ProductDetail/Embedded-Artists/EAR00373?qs=KUoIvG/9IlYzQ30Y568uWQ==&utm_source=mouser-refine-download&utm_medium=file&utm_campaign=EAR00373&utm_content=Embedded-Artists,,,,,,,,,,,,,,,,,,,,,,
125-MTDOT915X1PSMA1,MTDOT-915-X1P-SMA-1,MultiTech,https://ru.mouser.com/datasheet/2/1061/86002171-1857828.pdf,13  In Stock,$99.50,,New Product,https://ru.mouser.com/ProductDetail/MultiTech/MTDOT-915-X1P-SMA-1?qs=7MVldsJ5Uaw8Hfuwrgw0yA==&utm_source=mouser-refine-download&utm_medium=file&utm_campaign=MTDOT-915-X1P-SMA-1&utm_content=MultiTech,,,915 MHz,,"I2C, SPI, UART",19 dBm,3.3 V to 5 V,,,- 40 C,+ 85 C,LoRaWAN 1.0.2,,,,,,,,,,
556-1510MR210UB1140,ATWINC1510-MR210UB1140,Microchip Technology / Atmel,https://ru.mouser.com/datasheet/2/268/ATWINC15x0_MR210xB_IEEE_802_11_b_g_n_SmartConnect_-1507285.pdf,23  In Stock,$17.12,RoHS Compliant,,https://ru.mouser.com/ProductDetail/Microchip-Technology-Atmel/ATWINC1510-MR210UB1140?qs=HXFqYaX1Q2xJ3wO1hIqLxQ==&utm_source=mouser-refine-download&utm_medium=file&utm_campaign=ATWINC1510-MR210UB1140&utm_content=Microchip-Technology-/-Atmel,ATWINC1500,802.11 b/g/n,2.4 GHz,72.2 Mb/s,Serial,18.5 dBm,2.7 V to 3.6 V,266 mA,61 mA,- 40 C,+ 85 C,WiFi,,,,,Tray,,,,,
673-TWR0063,TWR0063,PulseLarsen Antennas,https://ru.mouser.com/datasheet/2/336/WiFi-Module-TWR0063_802.11bgn_module-1389319.pdf,"1,555  In Stock",$25.37,RoHS Compliant,,https://ru.mouser.com/ProductDetail/PulseLarsen-Antennas/TWR0063?qs=w/v1CP2dgqq9tESpTheYeA==&utm_source=mouser-refine-download&utm_medium=file&utm_campaign=TWR0063&utm_content=PulseLarsen-Antennas,TWR,802.11 b/g/n,2.4 GHz,150 Mb/s,USB,,3.3 V,,,- 5 C,+ 60 C,WiFi,"Bluetooth, BLE",,,,Tray,,,,,
963-WYSAGVDXG,WYSAGVDXG,Taiyo Yuden,https://ru.mouser.com/datasheet/2/396/TY_WLAN_WYSAGVDXG_Overview_V1.0_20190520-1773487.pdf,787  In Stock,$42.15,RoHS Compliant,,https://ru.mouser.com/ProductDetail/Taiyo-Yuden/WYSAGVDXG?qs=gZXFycFWdANXBrsbnVKHrQ==&utm_source=mouser-refine-download&utm_medium=file&utm_campaign=WYSAGVDXG&utm_content=Taiyo-Yuden,,802.11 a/ac/b/g/n,"2.4 GHz, 5 GHz",433.3 Mb/s,,12 dBm,3.3 V,,,- 30 C,+ 85 C,WiFi,BLE,,,,Tray,,,,,
755-BP35C0,BP35C0,ROHM Semiconductor,https://ru.mouser.com/datasheet/2/348/bp35c0-e-1874459.pdf,,,RoHS Compliant,New Product,https://ru.mouser.com/ProductDetail/ROHM-Semiconductor/BP35C0?qs=HXFqYaX1Q2wDTfWy1DJPJw==&utm_source=mouser-refine-download&utm_medium=file&utm_campaign=BP35C0&utm_content=ROHM-Semiconductor,BP35,,920 MHz,100 kb/s,UART,13 dBm,2.6 V to 3.6 V,45 mA,25 mA,- 30 C,+ 85 C,WiFi,BLE,,,,"Cut Tape, MouseReel, Reel",,,,,
332-NM-DB-3,NM-DB-3M,Doodle Labs,https://ru.mouser.com/datasheet/2/895/Doodle_Labs_06112019_NM-DB-3M-1602286.pdf,80  In Stock,$369.02,RoHS Compliant,,https://ru.mouser.com/ProductDetail/Doodle-Labs/NM-DB-3M?qs=rrS6PyfT74c4ZUzca6sQBg==&utm_source=mouser-refine-download&utm_medium=file&utm_campaign=NM-DB-3M&utm_content=Doodle-Labs,NM-DB,802.11 n,"2.412 GHz to 2.484 GHz, 5.18 GHz to 5.825 GHz",450 Mb/s,miniPCIe,"27 dBm, 29 dBm",3.3 V,,,- 40 C,+ 85 C,WiFi,,PCIe,,,,,,,,
742-KIT-WIFI-UDOOX86,KIT-WIFI-UDOOx86,UDOO,,94  In Stock,$28.28,RoHS Compliant,,https://ru.mouser.com/ProductDetail/UDOO/KIT-WIFI-UDOOx86?qs=EU6FO9ffTwc5SJ6MXSH4mw==&utm_source=mouser-refine-download&utm_medium=file&utm_campaign=KIT-WIFI-UDOOx86&utm_content=UDOO,,802.11 ac,4.25 GHz,433 Mb/s,"PCIe, USB",,,,,0 C,+ 80 C,WiFi,,,,,,,,,,
667-ENW-F9203A1EF,ENW-F9203A1EF,Panasonic,https://ru.mouser.com/datasheet/2/315/panasonic_08292019_RF_Module_PAN9026_Series_Specif-1892037.pdf,500  In Stock,$30.10,RoHS Compliant,New Product,https://ru.mouser.com/ProductDetail/Panasonic/ENW-F9203A1EF?qs=RcG8xmE7yp1g8TBtDSfYoQ==&utm_source=mouser-refine-download&utm_medium=file&utm_campaign=ENW-F9203A1EF&utm_content=Panasonic,PAN9026,,"2.4 GHz, 5 GHz",150 Mb/s,"SDIO, UART",16 dBm,1.8 V to 3.3 V,400 mA,70 mA,- 30 C,+ 85 C,WiFi,Bluetooth,,,,"Cut Tape, Reel",,,,,
986-EMIO-5531,EMIO-5531-00A1,VIA,https://ru.mouser.com/datasheet/2/765/VIA_EMIO-5531_USB_Wi-Fi_BT_Module_datasheet_v16122-1662094.pdf,85  In Stock,$54.35,,New Product,https://ru.mouser.com/ProductDetail/VIA/EMIO-5531-00A1?qs=u16ybLDytRaVHV169%2BGHJw==&utm_source=mouser-refine-download&utm_medium=file&utm_campaign=EMIO-5531-00A1&utm_content=VIA,EMIO-5531,802.11 b/g/n,2.4 GHz to 2.5 GHz,1 Mb/s,USB,17 dBm,,,,- 10 C,+ 70 C,WiFi,Bluetooth,LTE,,,,,,,,
755-BP35A1,BP35A1,ROHM Semiconductor,https://ru.mouser.com/datasheet/2/348/bp35a1-e-1874431.pdf,,,RoHS Compliant,New Product,https://ru.mouser.com/ProductDetail/ROHM-Semiconductor/BP35A1?qs=yrxrYnY23DGxKoQ9DoI9mA==&utm_source=mouser-refine-download&utm_medium=file&utm_campaign=BP35A1&utm_content=ROHM-Semiconductor,BP35,,920 MHz,100 kb/s,UART,12.7 dBm,2.7 V to 3.6 V,46 mA,30 mA,- 20 C,+ 80 C,WiFi,BLE,,,,Tray,,,,,
332-ACM-DB-3U,ACM-DB-3U,Doodle Labs,https://ru.mouser.com/datasheet/2/895/Doodle_Labs_06112019_ACM-DB-3U-1602267.pdf,14  In Stock,$369.02,RoHS Compliant,,https://ru.mouser.com/ProductDetail/Doodle-Labs/ACM-DB-3U?qs=f9yNj16SXrKQijUgt4dUaQ==&utm_source=mouser-refine-download&utm_medium=file&utm_campaign=ACM-DB-3U&utm_content=Doodle-Labs,ACM-DB,802.11 ac,"2.412 GHz to 2.484 GHz, 5.18 GHz to 5.825 GHz",1.3 Gb/s,miniPCIe,"27 dBm, 29 dBm",3.3 V,,,- 40 C,+ 85 C,WiFi,,PCIe,,,Bulk,,,,,
365-L04,L04,Pycom,https://ru.mouser.com/datasheet/2/872/L04Specsheet-1222146.pdf,224  In Stock,$50.86,RoHS Compliant,,https://ru.mouser.com/ProductDetail/Pycom/L04?qs=wd5RIQLrsJh0bbWT6J/j6A==&utm_source=mouser-refine-download&utm_medium=file&utm_campaign=L04&utm_content=Pycom,,,"433 MHz, 470 MHz to 510 MHz, 868 MHz, 902 MHz, 915 MHz, 920 MHz to 922 MHz",,"I2C, I2S, SPI, UART",,3.3 V to 5.5 V,,,- 40 C,+ 85 C,WiFi,,,,,,,,,,
924-EAR00318,EAR00318,Embedded Artists,https://ru.mouser.com/datasheet/2/131/1DX_M2_Datasheet-1578392.pdf,58  In Stock,$52.43,RoHS Compliant,,https://ru.mouser.com/ProductDetail/Embedded-Artists/EAR00318?qs=3HJ2avRr9PIknXXq2KsnYQ==&utm_source=mouser-refine-download&utm_medium=file&utm_campaign=EAR00318&utm_content=Embedded-Artists,EA M.2 Modules,802.11 b/g/n,2.4 GHz,,"4-Wire UART, SDIO",,3.3 V,,,- 30 C,+ 70 C,WiFi,,,,,,,,,,
924-EAR00315,EAR00315,Embedded Artists,https://ru.mouser.com/datasheet/2/131/1MW_M2_Datasheet-1578371.pdf,79  In Stock,$56.57,RoHS Compliant,,https://ru.mouser.com/ProductDetail/Embedded-Artists/EAR00315?qs=3HJ2avRr9PIUQSzj41nFLQ==&utm_source=mouser-refine-download&utm_medium=file&utm_campaign=EAR00315&utm_content=Embedded-Artists,EA M.2 Modules,802.11 a/ac/b/g/n,"2.4 GHz, 5 GHz",,"4-Wire UART, SDIO",,3.3 V,,,- 20 C,+ 75 C,WiFi,,,,,,,,,,
724-DA1620MDAAC4WA32,DA16200MOD-AAC4WA32,Dialog Semiconductor,https://ru.mouser.com/datasheet/2/713/da16200_modules_product_brief_20.05.15-1847346.pdf,341  In Stock,$16.62,RoHS Compliant,New Product,https://ru.mouser.com/ProductDetail/Dialog-Semiconductor/DA16200MOD-AAC4WA32?qs=TiOZkKH1s2SDZkCqRsPf%2Bg==&utm_source=mouser-refine-download&utm_medium=file&utm_campaign=DA16200MOD-AAC4WA32&utm_content=Dialog-Semiconductor,,802.11 b/g/n,,72 Mb/s,"GPIO, I2C, JTAG, SPI, UART",,3.3 V,,,,,,,,,,"Cut Tape, Reel",,,,,
888-TX54-A106,TX54-A106,DIGI,https://ru.mouser.com/datasheet/2/111/Digi_International_b1-digi-tx54-ds_dated_4-17-20-1838497.pdf,3  In Stock,"$1,847.46",RoHS Compliant,New Product,https://ru.mouser.com/ProductDetail/DIGI/TX54-A106?qs=rI7uf1IzohSmxqvDuahiMw==&utm_source=mouser-refine-download&utm_medium=file&utm_campaign=TX54-A106&utm_content=DIGI,,,,,,,,,,,,WiFi,,,,,,,,,,
888-TX54-A146,TX54-A146,DIGI,https://ru.mouser.com/datasheet/2/111/Digi_International_b1-digi-tx54-ds_dated_4-17-20-1838497.pdf,3  In Stock,"$2,106.98",RoHS Compliant,New Product,https://ru.mouser.com/ProductDetail/DIGI/TX54-A146?qs=rI7uf1IzohRdrJfBxlTZCw==&utm_source=mouser-refine-download&utm_medium=file&utm_campaign=TX54-A146&utm_content=DIGI,,,,,,,,,,,,WiFi,,,,,,,,,,
888-TX54-A206,TX54-A206,DIGI,https://ru.mouser.com/datasheet/2/111/Digi_International_b1-digi-tx54-ds_dated_4-17-20-1838497.pdf,4  In Stock,"$2,431.38",RoHS Compliant,New Product,https://ru.mouser.com/ProductDetail/DIGI/TX54-A206?qs=rI7uf1IzohRsnArUUY7j4g==&utm_source=mouser-refine-download&utm_medium=file&utm_campaign=TX54-A206&utm_content=DIGI,,,,,,,,,,,,WiFi,,,,,,,,,,
888-TX54-A246,TX54-A246,DIGI,https://ru.mouser.com/datasheet/2/111/Digi_International_b1-digi-tx54-ds_dated_4-17-20-1838497.pdf,7  In Stock,"$2,755.78",RoHS Compliant,New Product,https://ru.mouser.com/ProductDetail/DIGI/TX54-A246?qs=rI7uf1IzohREInhN6I7Xww==&utm_source=mouser-refine-download&utm_medium=file&utm_campaign=TX54-A246&utm_content=DIGI,,,,,,,,,,,,WiFi,,,,,,,,,,
651-1043201,1043201,Phoenix Contact,https://ru.mouser.com/datasheet/2/324/4/1043201-1493955.pdf,15  In Stock,"$1,530.35",RoHS Compliant,,https://ru.mouser.com/ProductDetail/Phoenix-Contact/1043201?qs=byeeYqUIh0O3NOeR2HO6FA==&utm_source=mouser-refine-download&utm_medium=file&utm_campaign=1043201&utm_content=Phoenix-Contact,FL WLAN,802.11 a/b/g/n,"2.4 GHz, 5 GHz","10 Mb/s, 100 Mb/s",Ethernet,,24 V,200 mA,200 mA,- 25 C,+ 60 C,WiFi,,,,,,,,,,
710-2610011025000,2610011025000,Wurth Elektronik,https://ru.mouser.com/datasheet/2/445/2610011025000-1551337.pdf,266  In Stock,$58.06,RoHS Compliant,,https://ru.mouser.com/ProductDetail/Wurth-Elektronik/2610011025000?qs=vLWxofP3U2zV8wSKaA5OOw==&utm_source=mouser-refine-download&utm_medium=file&utm_campaign=2610011025000&utm_content=Wurth-Elektronik,Calypso,802.11 b/g/n,2.412 GHz to 2.472 GHz,72.2 Mb/s,UART,16 dBm,2.1 V to 3.6 V,230 mA,76 mA,- 40 C,+ 85 C,WiFi,,,,,"Cut Tape, MouseReel, Reel",,,,,
332-NM-DB-2,NM-DB-2M,Doodle Labs,https://ru.mouser.com/datasheet/2/895/Doodle_Labs_06112019_NM-DB-2M-1602258.pdf,23  In Stock,$316.30,RoHS Compliant,,https://ru.mouser.com/ProductDetail/Doodle-Labs/NM-DB-2M?qs=rrS6PyfT74dZf%2BqwdTmChg==&utm_source=mouser-refine-download&utm_medium=file&utm_campaign=NM-DB-2M&utm_content=Doodle-Labs,NM-DB,802.11 n,"2.412 GHz to 2.484 GHz, 5.18 GHz to 5.825 GHz",300 Mb/s,PCIe,"25 dBm, 27 dBm",3.3 V,,,- 40 C,+ 85 C,WiFi,,PCIe,,,,,,,,
651-2702538,2702538,Phoenix Contact,https://ru.mouser.com/datasheet/2/324/4/2702538-1899951.pdf,7  In Stock,$852.04,RoHS Compliant,,https://ru.mouser.com/ProductDetail/Phoenix-Contact/2702538?qs=0kYgdqhPduEOtGxqtj9ZDA==&utm_source=mouser-refine-download&utm_medium=file&utm_campaign=2702538&utm_content=Phoenix-Contact,FL WLAN,,,,,,,,,0 C,+ 60 C,WiFi,,,,,,,,,,
332-ACM-DB-3,ACM-DB-3M,Doodle Labs,https://ru.mouser.com/datasheet/2/895/Doodle_Labs_06112019_ACM-DB-3M-1602280.pdf,28  In Stock,$369.02,RoHS Compliant,,https://ru.mouser.com/ProductDetail/Doodle-Labs/ACM-DB-3M?qs=rrS6PyfT74cdKos%2BT8C5UA==&utm_source=mouser-refine-download&utm_medium=file&utm_campaign=ACM-DB-3M&utm_content=Doodle-Labs,ACM-DB,802.11 ac,"2.412 GHz to 2.484 GHz, 5.18 GHz to 5.825 GHz",1.3 Gb/s,miniPCIe,"27 dBm, 29 dBm",3.3 V,,,- 40 C,+ 85 C,WiFi,,PCIe,,,,,,,,
651-1043193,1043193,Phoenix Contact,https://ru.mouser.com/datasheet/2/324/4/1043193-1506763.pdf,4  In Stock,"$1,241.61",RoHS Compliant,,https://ru.mouser.com/ProductDetail/Phoenix-Contact/1043193?qs=lc2O%2BfHJPVb50VYs7vUnkw==&utm_source=mouser-refine-download&utm_medium=file&utm_campaign=1043193&utm_content=Phoenix-Contact,,802.11 a/b/g/n,"2.4 GHz, 5 GHz",300 Mb/s,Ethernet,,24 V,,,- 25 C,+ 60 C,WiFi,,,,,,,,,,
332-NM-DB-2U,NM-DB-2U,Doodle Labs,https://ru.mouser.com/datasheet/2/895/Doodle_Labs_06112019_NM-DB-2U-1602252.pdf,16  In Stock,$316.30,RoHS Compliant,,https://ru.mouser.com/ProductDetail/Doodle-Labs/NM-DB-2U?qs=f9yNj16SXrIIls8Jpq/d0g==&utm_source=mouser-refine-download&utm_medium=file&utm_campaign=NM-DB-2U&utm_content=Doodle-Labs,NM-DB,802.11 n,"2.412 GHz to 2.484 GHz, 5.18 GHz to 5.825 GHz",300 Mb/s,PCIe,"25 dBm, 27 dBm",3.3 V,,,- 40 C,+ 85 C,WiFi,,PCIe,,,Bulk,,,,,
332-NM-DB-3U,NM-DB-3U,Doodle Labs,https://ru.mouser.com/datasheet/2/895/Doodle_Labs_06112019_NM-DB-3U-1602260.pdf,48  In Stock,$369.02,RoHS Compliant,,https://ru.mouser.com/ProductDetail/Doodle-Labs/NM-DB-3U?qs=f9yNj16SXrJ5qj7eCzey2A==&utm_source=mouser-refine-download&utm_medium=file&utm_campaign=NM-DB-3U&utm_content=Doodle-Labs,NM-DB,802.11 n,"2.412 GHz to 2.484 GHz, 5.18 GHz to 5.825 GHz",450 Mb/s,miniPCIe,"27 dBm, 29 dBm",3.3 V,,,- 40 C,+ 85 C,WiFi,,PCIe,,,Bulk,,,,,
713-102991334,102991334,Seeed Studio,,26  In Stock,$34.80,,,https://ru.mouser.com/ProductDetail/Seeed-Studio/102991334?qs=GedFDFLaBXGGMpIAm2q1gA==&utm_source=mouser-refine-download&utm_medium=file&utm_campaign=102991334&utm_content=Seeed-Studio,,,"20 MHz, 200 MHz",,USB,,,,,,,,,,,,,,,,,
976-AMPAKAP12356WIFI,AMPAK AP12356 WIFI/BT KIT,ADLINK Technology,,3  In Stock,$163.79,,New Product,https://ru.mouser.com/ProductDetail/ADLINK-Technology/AMPAK-AP12356-WIFI-BT-KIT?qs=0lSvoLzn4L/BEepp84rS6Q==&utm_source=mouser-refine-download&utm_medium=file&utm_campaign=AMPAK+AP12356+WIFI/BT+KIT&utm_content=ADLINK-Technology,,802.11 a/ac/b/g/n,,,PCIe,,,,,- 10 C,+ 70 C,WiFi,Bluetooth,,,,,,,,,
354-IAP420+US,IAP-420+-US,ORing,https://ru.mouser.com/datasheet/2/763/DataSheet_IAP-420(_)-1222879.pdf,1  In Stock,$402.74,,,https://ru.mouser.com/ProductDetail/ORing/IAP-420%2b-US?qs=j%2B1pi9TdxUYQ%2BmyJlbx1hA==&utm_source=mouser-refine-download&utm_medium=file&utm_campaign=IAP-420+-US&utm_content=ORing,IAP-420,,,,,,,,,,,WiFi,,,,,,,,,,
354-IAP420+EU,IAP-420+-EU,ORing,https://ru.mouser.com/datasheet/2/763/DataSheet_IAP-420(_)-1222879.pdf,2  In Stock,$402.74,,,https://ru.mouser.com/ProductDetail/ORing/IAP-420%2b-EU?qs=j%2B1pi9TdxUaw22IcFN%2BnEg==&utm_source=mouser-refine-download&utm_medium=file&utm_campaign=IAP-420+-EU&utm_content=ORing,IAP-420,,,,,,,,,,,WiFi,,,,,,,,,,
924-EAR00323,EAR00323,Embedded Artists,https://ru.mouser.com/datasheet/2/131/1LV_M2_Datasheet-1591512.pdf,14  In Stock,$60.15,RoHS Compliant,,https://ru.mouser.com/ProductDetail/Embedded-Artists/EAR00323?qs=3HJ2avRr9PLBVujGdButTw==&utm_source=mouser-refine-download&utm_medium=file&utm_campaign=EAR00323&utm_content=Embedded-Artists,EA M.2 Modules,802.11 a/b/g/n,"2.4 GHz, 5 GHz",,"4-Wire UART, SDIO",,3.3 V,,,- 20 C,+ 70 C,WiFi,,,,,,,,,,
332-ACM-DB-2U,ACM-DB-2U,Doodle Labs,https://ru.mouser.com/datasheet/2/895/Doodle_Labs_06112019_ACM-DB-2U-1602261.pdf,1  In Stock,$316.30,RoHS Compliant,,https://ru.mouser.com/ProductDetail/Doodle-Labs/ACM-DB-2U?qs=f9yNj16SXrLYyyy6GSGI%2Bg==&utm_source=mouser-refine-download&utm_medium=file&utm_campaign=ACM-DB-2U&utm_content=Doodle-Labs,ACM-DB,802.11 a/ac/b/g/n,"2.412 GHz to 2.484 GHz, 5.18 GHz to 5.825 GHz",1.3 Gb/s,PCIe,27 dBm,3.3 V,,,- 40 C,+ 85 C,WiFi,,PCIe,,,Bulk,,,,,
651-2702534,2702534,Phoenix Contact,https://ru.mouser.com/datasheet/2/324/4/2702534-1482961.pdf,1  In Stock,$835.34,RoHS Compliant,,https://ru.mouser.com/ProductDetail/Phoenix-Contact/2702534?qs=0kYgdqhPduG3t5NF4XeJeA==&utm_source=mouser-refine-download&utm_medium=file&utm_campaign=2702534&utm_content=Phoenix-Contact,FL WLAN,,,,,,,,,0 C,+ 60 C,WiFi,,,,,,,,,,
485-4065,4065,Adafruit,,27  In Stock,$8.92,,,https://ru.mouser.com/ProductDetail/Adafruit/4065?qs=vLWxofP3U2w8SBnmN6UcvQ==&utm_source=mouser-refine-download&utm_medium=file&utm_campaign=4065&utm_content=Adafruit,,,,,"HSPI, I2C, I2S, UART",,,,,,,WiFi,,,,,,,,,,
963-WYSEGVDXG,WYSEGVDXG,Taiyo Yuden,https://ru.mouser.com/datasheet/2/396/TY_WLAN_WYSEGVDXG_DataReport_V1.2E_20190927-1773497.pdf,75  In Stock,$42.15,RoHS Compliant,,https://ru.mouser.com/ProductDetail/Taiyo-Yuden/WYSEGVDXG?qs=gZXFycFWdANeHj6A7a%2BZWg==&utm_source=mouser-refine-download&utm_medium=file&utm_campaign=WYSEGVDXG&utm_content=Taiyo-Yuden,,802.11 a/ac/b/g/n,"2.4 GHz, 5 GHz",433.3 Mb/s,,12 dBm,3.3 V,,,- 30 C,+ 85 C,WiFi,BLE,,,,Tray,,,,,
963-WYSACVLAY-WX,WYSACVLAY-WX,Taiyo Yuden,https://ru.mouser.com/datasheet/2/396/TAIYO_YUDEN_WLAN_WYSACVLAY-WX_DataReport_V1.0E_202-1862124.pdf,100  In Stock,$31.64,RoHS Compliant,New Product,https://ru.mouser.com/ProductDetail/Taiyo-Yuden/WYSACVLAY-WX?qs=vmHwEFxEFR/UGRS7VjqEsw==&utm_source=mouser-refine-download&utm_medium=file&utm_campaign=WYSACVLAY-WX&utm_content=Taiyo-Yuden,,,2.412 GHz to 2.462GHz,,UART,,3.3 V,,,- 30 C,+ 85 C,,,,,,Tray,,,,,
963-WYSACVLAY-XZ,WYSACVLAY-XZ,Taiyo Yuden,https://ru.mouser.com/datasheet/2/396/TAIYO_YUDEN_WLAN_WYSACVLAY-XZ_DataReport_V1.0E_202-1862169.pdf,98  In Stock,$32.88,RoHS Compliant,New Product,https://ru.mouser.com/ProductDetail/Taiyo-Yuden/WYSACVLAY-XZ?qs=vmHwEFxEFR/ENN4Cp0yUTQ==&utm_source=mouser-refine-download&utm_medium=file&utm_campaign=WYSACVLAY-XZ&utm_content=Taiyo-Yuden,,,2.412 GHz to 2.462GHz,,UART,,3.3 V,,,- 30 C,+ 85 C,,,,,,Tray,,,,,
895-CLEO35-WIFI1,CleO35-WiFi1,Bridgetek,https://ru.mouser.com/datasheet/2/880/DS_CleO35_WIFI-1140601.pdf,21  In Stock,$47.51,RoHS Compliant,,https://ru.mouser.com/ProductDetail/Bridgetek/CleO35-WiFi1?qs=gt1LBUVyoHkxVPQbNXimIQ==&utm_source=mouser-refine-download&utm_medium=file&utm_campaign=CleO35-WiFi1&utm_content=Bridgetek,CleO35,802.11 b/g/n,2.4 GHz to 2.4825 GHz,-,UART,20 dBm,3.3 V,-,-,- 40 C,+ 85 C,WiFi,,,,,Bulk,,,,,
667-ENW-49C01AYKF,ENW-49C01AYKF,Panasonic,https://ru.mouser.com/datasheet/2/315/Panasonic_08262017_RF Module PAN9420-1196761.pdf,1  In Stock,$216.34,RoHS Compliant,,https://ru.mouser.com/ProductDetail/Panasonic/ENW-49C01AYKF?qs=BZBei1rCqCDe%2BHZJcrycww==&utm_source=mouser-refine-download&utm_medium=file&utm_campaign=ENW-49C01AYKF&utm_content=Panasonic,PAN9420,802.11 b/g/n,2.4 GHz,72 Mb/s,"JTAG, SPI, UART",16 dBm,3 V to 3.6 V,310 mA,75 mA,- 40 C,+ 85 C,WiFi,BLE,,,,Bulk,,,,,
600-APMN-Q551,APMN-Q551,Advantech,https://ru.mouser.com/datasheet/2/638/BB-APMN-Q551_DualBandAccessPointModule_2320ds20200-1888662.pdf,419  In Stock,$168.73,RoHS Compliant,,https://ru.mouser.com/ProductDetail/Advantech/APMN-Q551?qs=ZLZ8689ywa11XtmBHgmJIw==&utm_source=mouser-refine-download&utm_medium=file&utm_campaign=APMN-Q551&utm_content=Advantech,,802.11 a/b/g/n,"2.4 GHz, 5 GHz","11 Mb/s, 54 Mb/s, 65 Mb/s",Serial,"12.6 dBm, 15 dBm, 17 dBm",3.3 V,370 mA,200 mA,- 40 C,+ 85 C,WiFi,,,,,,,,,,
923-EWMW158F01E,EWM-W158F01E,Advantech,https://ru.mouser.com/datasheet/2/638/Advantech_2520EWM-W158F01E_DS_V1.2_201903012019041-1131332.pdf,459  In Stock,$212.99,RoHS Compliant,,https://ru.mouser.com/ProductDetail/Advantech/EWM-W158F01E?qs=vaA%2B7n%2Bidi6StSfHdzBYRA==&utm_source=mouser-refine-download&utm_medium=file&utm_campaign=EWM-W158F01E&utm_content=Advantech,,802.11 a/b/g/n,"2.4 GHz, 5 GHz",300 Mb/s,PCIe,,3.3 V,700 mA,,- 40 C,+ 85 C,WiFi,,,,,,,,,,
600-ABDN-ER-DP551U,ABDN-ER-DP551U,B+B SmartWorx,http://www.bb-elec.com/Products/Datasheets/AirborneM2M-Enterprise_3714ds-pdf.pdf,113  In Stock,$426.01,RoHS Compliant,,https://ru.mouser.com/ProductDetail/B%2bB-SmartWorx/ABDN-ER-DP551U?qs=CoW5K/Mp/72GbFtXaWWAcg==&utm_source=mouser-refine-download&utm_medium=file&utm_campaign=ABDN-ER-DP551U&utm_content=B+B-SmartWorx,,802.11 a/b/g/n,"2.4 GHz, 5 GHz","10 Mb/s, 100 Mb/s",,17 dBm,5 V,550 mA,200 mA,- 20 C,+ 85 C,WiFi,,,,,,,,,,
603-WF111-E,WF111-E,Silicon Labs,https://ru.mouser.com/datasheet/2/368/wf111-datasheet-1372094.pdf,241  In Stock,$17.02,RoHS Compliant,,https://ru.mouser.com/ProductDetail/Silicon-Labs/WF111-E?qs=7aGripZI59mM0GQjjIEiFg==&utm_source=mouser-refine-download&utm_medium=file&utm_campaign=WF111-E&utm_content=Silicon-Labs,WF111,802.11 b/g/n,2.4 GHz,"11 Mb/s, 54 Mb/s, 72.2 Mb/s","CSPI, SDIO, UART, USB",17 dBm,"1.8 V, 3.3 V",,,- 40 C,+ 85 C,WiFi,,,,,"Cut Tape, MouseReel, Reel",,,,,
630-BCM4352KMLG,BCM4352KMLG,Broadcom / Avago,,445  In Stock,$20.55,RoHS Compliant,,https://ru.mouser.com/ProductDetail/Broadcom-Avago/BCM4352KMLG?qs=AsTZqt/meqlQsudfClx1pQ==&utm_source=mouser-refine-download&utm_medium=file&utm_campaign=BCM4352KMLG&utm_content=Broadcom-/-Avago,,,,,,,,,,,,WiFi,,,,,,,,,,
347-ISM43903R48L54U,ISM43903-R48-L54-U,Inventek,https://ru.mouser.com/datasheet/2/908/ISM43903_Functional_Spec-2-1371160.pdf,353  In Stock,$23.29,RoHS Compliant,,https://ru.mouser.com/ProductDetail/Inventek/ISM43903-R48-L54-U?qs=MLItCLRbWsztjaRslWcmiQ==&utm_source=mouser-refine-download&utm_medium=file&utm_campaign=ISM43903-R48-L54-U&utm_content=Inventek,ISM43903,802.11 b/g/n,2.4 GHz,72.2 Mb/s,UART,17 dBm,3.3 V,,,- 40 C,+ 85 C,WiFi,BLE,,,,Tray,,,,,
347-ISM43907WBML170,ISM43907-WBM-L170,Inventek,,165  In Stock,$25.47,RoHS Compliant,,https://ru.mouser.com/ProductDetail/Inventek/ISM43907-WBM-L170?qs=MLItCLRbWszkTeh5Vq478Q==&utm_source=mouser-refine-download&utm_medium=file&utm_campaign=ISM43907-WBM-L170&utm_content=Inventek,ISM43907,802.11 n,"2.4 GHz, 5 GHz",,,,3.3 V,,,,,WiFi,"Bluetooth, BLE",,,,Tray,,,,,
603-WF121-E,WF121-E,Silicon Labs,https://ru.mouser.com/datasheet/2/368/Bluegiga_WF121_Datasheet-1203323.pdf,148  In Stock,$30.91,RoHS Compliant,,https://ru.mouser.com/ProductDetail/Silicon-Labs/WF121-E?qs=7aGripZI59mpjBqkf46fAg==&utm_source=mouser-refine-download&utm_medium=file&utm_campaign=WF121-E&utm_content=Silicon-Labs,WF121,802.11 b/g/n,2.4 GHz,"11 Mb/s, 54 Mb/s, 72.2 Mb/s","Ethernet, GPIO, I2C, SPI, UART, USB",17 dBm,"3.3 V, 2.7 V to 4.8 V",143 mA,127 mA,- 40 C,+ 85 C,WiFi,,,,,,,,,,
603-WF121-A,WF121-A,Silicon Labs,https://ru.mouser.com/datasheet/2/368/Bluegiga_WF121_Datasheet-1203323.pdf,453  In Stock,$30.91,RoHS Compliant,,https://ru.mouser.com/ProductDetail/Silicon-Labs/WF121-A?qs=7aGripZI59mH6v/nZfCTdg==&utm_source=mouser-refine-download&utm_medium=file&utm_campaign=WF121-A&utm_content=Silicon-Labs,WF121,802.11 b/g/n,2.4 GHz,"11 Mb/s, 54 Mb/s, 72.2 Mb/s","Ethernet, GPIO, I2C, SPI, UART, USB",17 dBm,"3.3 V, 2.7 V to 4.8 V",143 mA,127 mA,- 40 C,+ 85 C,WiFi,,,,,"Cut Tape, Reel",,,,,
634-WGM110A1MV1,WGM110A1MV1,Silicon Labs,https://ru.mouser.com/datasheet/2/368/wgm110_datasheet-1036080.pdf,337  In Stock,$31.92,RoHS Compliant,,https://ru.mouser.com/ProductDetail/Silicon-Labs/WGM110A1MV1?qs=GTwwGWkfii1NxEhRT3Z/Lg==&utm_source=mouser-refine-download&utm_medium=file&utm_campaign=WGM110A1MV1&utm_content=Silicon-Labs,WGM110,802.11 b/g/n,2.412 GHz to 2.472 GHz,72.2 Mb/s,"I2C, SPI, USB","15 dBm, 16 dBm",3.3 V,261 mA,81 mA,- 40 C,+ 85 C,WiFi,BLE,,,,Cut Tape,,,,,
595-3100MODR11MAMOBT,CC3100MODR11MAMOBT,Texas Instruments,http://www.ti.com/general/docs/suppproductinfo.tsp?distId=26&gotoUrl=http%3A%2F%2Fwww.ti.com%2Flit%2Fgpn%2FCC3100MOD,276  In Stock,$33.15,RoHS Compliant,,https://ru.mouser.com/ProductDetail/Texas-Instruments/CC3100MODR11MAMOBT?qs=S0GpHP26UDIosBj8aHgfDQ==&utm_source=mouser-refine-download&utm_medium=file&utm_campaign=CC3100MODR11MAMOBT&utm_content=Texas-Instruments,CC3100MOD,,,16 Mb/s,,,,,,- 20 C,+ 70 C,WiFi,,,,,"Cut Tape, MouseReel, Reel",,,,,
607-7265.NGWG.W,7265.NGWG.W,Intel,https://ru.mouser.com/datasheet/2/612/dual-band-wireless-ac-7265-brief-1842805.pdf,Lead-Time 6 Weeks,$39.95,RoHS Compliant,,https://ru.mouser.com/ProductDetail/Intel/7265NGWGW?qs=j7vQ5zsWsOrafey92emZRA==&utm_source=mouser-refine-download&utm_medium=file&utm_campaign=7265.NGWG.W&utm_content=Intel,,,,,,,,,,,,WiFi,Bluetooth,,,,,,,,,
607-7265.NGWWB.W,7265.NGWWB.W,Intel,https://ru.mouser.com/datasheet/2/612/dual-band-wireless-ac-7265-brief-1842805.pdf,128  In Stock,$39.95,RoHS Compliant,,https://ru.mouser.com/ProductDetail/Intel/7265NGWWBW?qs=j7vQ5zsWsOoOTDkXjrOwwQ==&utm_source=mouser-refine-download&utm_medium=file&utm_campaign=7265.NGWWB.W&utm_content=Intel,,,,,,,,,,,,WiFi,Bluetooth,,,,,,,,,
409-UPWIFIKITA107001,UP-WIFIKIT-A10-7001,AAEON UP,https://ru.mouser.com/datasheet/2/826/GWF-7M02_spec_V1.2 FANGTEC 160822 -1144511.pdf,89  In Stock,$46.38,,,https://ru.mouser.com/ProductDetail/AAEON-UP/UP-WIFIKIT-A10-7001?qs=AQlKX63v8RtXc0g3upJMuA==&utm_source=mouser-refine-download&utm_medium=file&utm_campaign=UP-WIFIKIT-A10-7001&utm_content=AAEON-UP,,802.11 b/g/n,2.4 GHz,"54 Mb/s, 150 Mb/s",USB,"14 dBm, 16 dBm, 18 dBm",5 V,250 mA,6 mA,- 20 C,+ 70 C,WiFi,,,,,Bulk,,,,,
579-MRF24WG0MA-I/RM,MRF24WG0MA-I/RM,Microchip Technology,https://ru.mouser.com/datasheet/2/268/70686B-217848.pdf,87  In Stock,$45.37,RoHS Compliant,,https://ru.mouser.com/ProductDetail/Microchip-Technology/MRF24WG0MA-I-RM?qs=gafx1s4uymxDehpkKPsiUg==&utm_source=mouser-refine-download&utm_medium=file&utm_campaign=MRF24WG0MA-I/RM&utm_content=Microchip-Technology,MRF24J40,802.11 b/g,2.4 GHz,"11 Mb/s, 54 Mb/s","4-Wire, SPI","16 dBm, 18 dBm",2.8 V to 3.6 V,240 mA,156 mA,- 40 C,+ 85 C,WiFi,,,,,Tray,,,,,
579-RN131CRM481,RN131C/RM481,Microchip Technology,https://ru.mouser.com/datasheet/2/268/50002230B-977418.pdf,77  In Stock,$54.90,RoHS Compliant,,https://ru.mouser.com/ProductDetail/Microchip-Technology/RN131C-RM481?qs=Gd3Cm49KlLN7tAnz8uWUZg==&utm_source=mouser-refine-download&utm_medium=file&utm_campaign=RN131C/RM481&utm_content=Microchip-Technology,RN131,802.11 b/g,2.405 GHz to 2.48 GHz,1 Mb/s,"SPI, UART",18 dBm,3.3 V,210 mA,40 mA,0 C,+ 70 C,WiFi,,,,,Tray,,,,,
765-RN-XV-S,RN171XVS-I/RM,Microchip Technology,https://ru.mouser.com/datasheet/2/268/rn-171-xv-ds-v1.04r-737505.pdf,40  In Stock,$59.52,RoHS Compliant,,https://ru.mouser.com/ProductDetail/Microchip-Technology/RN171XVS-I-RM?qs=sVdVlwbC4Qh2F3Icf20/XA==&utm_source=mouser-refine-download&utm_medium=file&utm_campaign=RN171XVS-I/RM&utm_content=Microchip-Technology,RN171XV,802.11 b/g,2.4 GHz,"11 Mb/s, 54 Mb/s",UART,12 dBm,3.3 V,180 mA,40 mA,- 40 C,+ 85 C,WiFi,,,"802.15.4 (ANT, Thread, Zigbee)",,Bulk,,,,,
888-XB2B-WFPS-001,XB2B-WFPS-001,DIGI,https://ru.mouser.com/datasheet/2/111/ds_xbeewifis6b-794453.pdf,44  In Stock,$61.22,RoHS Compliant,,https://ru.mouser.com/ProductDetail/DIGI/XB2B-WFPS-001?qs=NnxJOTDiCpMA4dfbwsXxnw==&utm_source=mouser-refine-download&utm_medium=file&utm_campaign=XB2B-WFPS-001&utm_content=DIGI,,802.11 b/g/n,2.4 GHz,"11 Mb/s, 54 Mb/s, 65 Mb/s","SPI, UART",16 dBm,3.3 V,309 mA,100 mA,- 30 C,+ 85 C,WiFi,,,,,,,,,,
755-BP3591,BP3591,ROHM Semiconductor,https://ru.mouser.com/datasheet/2/348/bp3580_npb-e-1874488.pdf,60  In Stock,$147.61,RoHS Compliant,,https://ru.mouser.com/ProductDetail/ROHM-Semiconductor/BP3591?qs=FwrL%2BevIYAbut1Wl/TnZBA==&utm_source=mouser-refine-download&utm_medium=file&utm_campaign=BP3591&utm_content=ROHM-Semiconductor,,802.11 b/g/n,2.4 GHz to 2.4835 GHz,"11 Mb/s, 54 Mb/s, 72.2 Mb/s","SDIO, UART, USB","15 dBm, 13 dBm, 12 dBm",3.3 V,340 mA,240 mA,- 40 C,+ 85 C,WiFi,,,,,Bulk,,,,,
600-WLNN-SE-DP551,WLNN-SE-DP551,B+B SmartWorx,http://www.bb-elec.com/Products/Datasheets/WLNN-XX-DP551-Series-Data-Sheet-(1)-pdf.pdf,45  In Stock,$152.03,RoHS Compliant,,https://ru.mouser.com/ProductDetail/B%2bB-SmartWorx/WLNN-SE-DP551?qs=ZLZ8689ywa3v/nr9v0Cm3Q==&utm_source=mouser-refine-download&utm_medium=file&utm_campaign=WLNN-SE-DP551&utm_content=B+B-SmartWorx,,802.11 a/b/g/n,2.4 GHz to 2.4835 GHz,"11 Mb/s, 54 Mb/s, 65 Mb/s",Serial,"12.6 dBm, 15 dBm, 17 dBm",3.3 V,370 mA,200 mA,- 40 C,+ 85 C,WiFi,,,,,,,,,,
600-ABDN-ER-DP551,ABDN-ER-DP551,B+B SmartWorx,http://www.bb-elec.com/Products/Datasheets/AirborneM2M-Enterprise-Series_3913ds-pdf.pdf,22  In Stock,$483.94,RoHS Compliant,,https://ru.mouser.com/ProductDetail/B%2bB-SmartWorx/ABDN-ER-DP551?qs=J5BXdFJ5kQIoX3PL0fECtw==&utm_source=mouser-refine-download&utm_medium=file&utm_campaign=ABDN-ER-DP551&utm_content=B+B-SmartWorx,,802.11 a/b/g/n,"2.4 GHz, 5 GHz",65 Mb/s,Ethernet,17 dBm,5 V,,,- 40 C,+ 85 C,WiFi,,,,,,,,,,
81-LBWA1ZV1CD-716,LBWA1ZV1CD-716,Murata Electronics,https://ru.mouser.com/datasheet/2/281/lbwa1zv1cd-716-837119.pdf,979  In Stock,$29.26,RoHS Compliant,,https://ru.mouser.com/ProductDetail/Murata-Electronics/LBWA1ZV1CD-716?qs=Cjyk6PWk/MiR4EIqy9uyMw==&utm_source=mouser-refine-download&utm_medium=file&utm_campaign=LBWA1ZV1CD-716&utm_content=Murata-Electronics,1CD,802.11 b/g/n,2.4 GHz,11 Mb/s,,17 dBm,3.3 V,295 mA,125 mA,- 40 C,+ 85 C,WiFi,,,,,,,,,,
551-CMP9377-UC,CMP9377-UC,CEL,https://ru.mouser.com/datasheet/2/286/CMP9377-1621243.pdf,380  In Stock,$68.37,RoHS Compliant,New At Mouser,https://ru.mouser.com/ProductDetail/CEL/CMP9377-UC?qs=%2B6g0mu59x7J9u1dr6k93Yg==&utm_source=mouser-refine-download&utm_medium=file&utm_campaign=CMP9377-UC&utm_content=CEL,CMP9377,802.11 a/ac/b/g/n,"2.4 GHz, 5 GHz",,"USB, PCIe",20 dBm,3.3 V,,,- 40 C,+ 85 C,WiFi,BLE,,,,Tray,,,,,
220-TNL-FIW103,TnL-FIW103,IoTize,https://ru.mouser.com/datasheet/2/1101/DS_TapNLink_TnLFIW10x-1901918.pdf,160  In Stock,$84.22,RoHS Compliant,New Product,https://ru.mouser.com/ProductDetail/IoTize/TnL-FIW103?qs=DPoM0jnrROURuuDef%2BzGXg==&utm_source=mouser-refine-download&utm_medium=file&utm_campaign=TnL-FIW103&utm_content=IoTize,TnL,,2.402 GHz to 2.48 GHz,,,16 dBm,2.3 V to 3.6 V,"7 mA, 110 mA, 65 mA","7 mA, 50 mA, 65 mA",- 20 C,+ 55 C,WiFi,BLE,,,,,,,,,
556-ATWINC1500MR210U,ATWINC1500-MR210UB,Microchip Technology / Atmel,https://ru.mouser.com/datasheet/2/268/ATWINC15x0_MR210xB_IEEE_802_11_b_g_n_SmartConnect_-1507285.pdf,439  In Stock,$28.69,RoHS Compliant,,https://ru.mouser.com/ProductDetail/Microchip-Technology-Atmel/ATWINC1500-MR210UB?qs=QB0ovJDgFgt9/83w%2BaYw3w==&utm_source=mouser-refine-download&utm_medium=file&utm_campaign=ATWINC1500-MR210UB&utm_content=Microchip-Technology-/-Atmel,ATWINC1500,802.11 b/g/n,2.4 GHz,72.2 Mb/s,Serial,18.5 dBm,2.7 V to 3.6 V,266 mA,61 mA,- 40 C,+ 85 C,WiFi,,,,,,,,,,
485-1030,1030,Adafruit,,92  In Stock,$32.36,RoHS Compliant,,https://ru.mouser.com/ProductDetail/Adafruit/1030?qs=GURawfaeGuDayVAvxlYL4Q==&utm_source=mouser-refine-download&utm_medium=file&utm_campaign=1030&utm_content=Adafruit,,,,,,,,,,,,WiFi,,,,,,,,,,
365-L01,L01,Pycom,https://ru.mouser.com/datasheet/2/872/l01Specsheet-1519057.pdf,516  In Stock,$37.23,RoHS Compliant,,https://ru.mouser.com/ProductDetail/Pycom/L01?qs=EU6FO9ffTwdMsvLaw8FvWQ==&utm_source=mouser-refine-download&utm_medium=file&utm_campaign=L01&utm_content=Pycom,L01,802.11 b/g/n,"868 MHz, 915 MHz",16 Mb/s,"I2C, I2S, SPI, UART",,3.3 V,,,- 40 C,+ 85 C,WiFi,BLE,,,,"Cut Tape, Reel",,,,,
765-RN-131G,RN131G-I/RM,Microchip Technology,https://ru.mouser.com/datasheet/2/268/rn-131-ds-v3.2r-1181126.pdf,228  In Stock,$63.14,RoHS Compliant,,https://ru.mouser.com/ProductDetail/Microchip-Technology/RN131G-I-RM?qs=fjUSk1uVlpC2KBaGs7f%2BEA==&utm_source=mouser-refine-download&utm_medium=file&utm_campaign=RN131G-I/RM&utm_content=Microchip-Technology,RN131,802.11 b/g,2.4 GHz,"11 Mb/s, 54 Mb/s","SPI, UART",18 dBm,3.3 V,210 mA,40 mA,- 40 C,+ 85 C,WiFi,,,,,Tray,,,,,
556-ATWILC3000MR110U,ATWILC3000-MR110UA,Microchip Technology / Atmel,https://ru.mouser.com/datasheet/2/268/IEEE_802_11_b_g_n_Link_Controller_Module_with_Inte-1923547.pdf,233  In Stock,$16.28,RoHS Compliant,,https://ru.mouser.com/ProductDetail/Microchip-Technology-Atmel/ATWILC3000-MR110UA?qs=9KdFJXLqUo8YFq80BDYXFQ==&utm_source=mouser-refine-download&utm_medium=file&utm_campaign=ATWILC3000-MR110UA&utm_content=Microchip-Technology-/-Atmel,,802.11 b/g/n,2.412 GHz to 2.472 GHz,72 Mb/s,"SDIO, SPI, UART",18.5 dBm,3.3 V,,,- 40 C,+ 85 C,WiFi,Bluetooth,,,,Tray,,,,,
556-ATWILC3000MR110C,ATWILC3000-MR110CA,Microchip Technology / Atmel,https://ru.mouser.com/datasheet/2/268/IEEE_802_11_b_g_n_Link_Controller_Module_with_Inte-1923547.pdf,825  In Stock,$16.76,RoHS Compliant,,https://ru.mouser.com/ProductDetail/Microchip-Technology-Atmel/ATWILC3000-MR110CA?qs=9KdFJXLqUo%2BfAV4khUOwHQ==&utm_source=mouser-refine-download&utm_medium=file&utm_campaign=ATWILC3000-MR110CA&utm_content=Microchip-Technology-/-Atmel,,802.11 b/g/n,2.4 GHz,72 Mb/s,"SDIO, SPI",18.5 dBm,3.3 V,,,- 40 C,+ 85 C,WiFi,Bluetooth,,,,Tray,,,,,
888-XB2B-WFPT-001,XB2B-WFPT-001,DIGI,https://ru.mouser.com/datasheet/2/111/ds_xbeewifis6b-794453.pdf,101  In Stock,$61.22,RoHS Compliant,,https://ru.mouser.com/ProductDetail/DIGI/XB2B-WFPT-001?qs=NnxJOTDiCpOnHzkgXnyelA==&utm_source=mouser-refine-download&utm_medium=file&utm_campaign=XB2B-WFPT-001&utm_content=DIGI,,802.11 b/g/n,2.4 GHz,"11 Mb/s, 54 Mb/s, 65 Mb/s","SPI, UART",16 dBm,3.3 V,309 mA,100 mA,- 30 C,+ 85 C,WiFi,,,,,,,,,,
888-XB2B-WFWT-001,XB2B-WFWT-001,DIGI,https://ru.mouser.com/datasheet/2/111/ds_xbeewifis6b-794453.pdf,135  In Stock,$61.22,RoHS Compliant,,https://ru.mouser.com/ProductDetail/DIGI/XB2B-WFWT-001?qs=NnxJOTDiCpO130Sm/t%2Bu6A==&utm_source=mouser-refine-download&utm_medium=file&utm_campaign=XB2B-WFWT-001&utm_content=DIGI,,802.11 b/g/n,2.4 GHz,"11 Mb/s, 54 Mb/s, 65 Mb/s","SPI, UART",16 dBm,3.3 V,309 mA,100 mA,- 30 C,+ 85 C,WiFi,,,,,,,,,,
888-XB2B-WFUT-001,XB2B-WFUT-001,DIGI,https://ru.mouser.com/datasheet/2/111/ds_xbeewifis6b-794453.pdf,76  In Stock,$61.22,RoHS Compliant,,https://ru.mouser.com/ProductDetail/DIGI/XB2B-WFUT-001?qs=NnxJOTDiCpO5rzyMgvl9Fw==&utm_source=mouser-refine-download&utm_medium=file&utm_campaign=XB2B-WFUT-001&utm_content=DIGI,,802.11 b/g/n,2.4 GHz,"11 Mb/s, 54 Mb/s, 65 Mb/s","SPI, UART",16 dBm,3.3 V,309 mA,100 mA,- 30 C,+ 85 C,WiFi,,,,,,,,,,
888-XB2B-WFST-001,XB2B-WFST-001,DIGI,https://ru.mouser.com/datasheet/2/111/ds_xbeewifis6b-794453.pdf,210  In Stock,$61.22,RoHS Compliant,,https://ru.mouser.com/ProductDetail/DIGI/XB2B-WFST-001?qs=NnxJOTDiCpM4EnkS2FAtgw==&utm_source=mouser-refine-download&utm_medium=file&utm_campaign=XB2B-WFST-001&utm_content=DIGI,,802.11 b/g/n,2.4 GHz,"11 Mb/s, 54 Mb/s, 65 Mb/s","SPI, UART",16 dBm,3.3 V,309 mA,100 mA,- 30 C,+ 85 C,WiFi,,,,,,,,,,
888-WVA-J200,WVA-J200,DIGI,https://ru.mouser.com/datasheet/2/111/ds_wva-1099599.pdf,9  In Stock,$390.10,RoHS Compliant,,https://ru.mouser.com/ProductDetail/DIGI/WVA-J200?qs=W1Xk6kxV7kjRBEhFByd5ZQ==&utm_source=mouser-refine-download&utm_medium=file&utm_campaign=WVA-J200&utm_content=DIGI,,802.11 b/g/n,-,72.2 Mb/s,"CAN, USB",2.5 W,36 V,,,- 40 C,+ 70 C,WiFi,,,,,,,,,,
765-RN-171,RN171-I/RM,Microchip Technology,https://ru.mouser.com/datasheet/2/268/70005171B-1146704.pdf,142  In Stock,$44.70,RoHS Compliant,,https://ru.mouser.com/ProductDetail/Microchip-Technology/RN171-I-RM?qs=Ad2LRJtGXDs1eLIWb4m46Q==&utm_source=mouser-refine-download&utm_medium=file&utm_campaign=RN171-I/RM&utm_content=Microchip-Technology,RN171,802.11 b/g,2.4 GHz,"11 Mb/s, 54 Mb/s","SPI, UART",12 dBm,3.3 V,190 mA,40 mA,- 40 C,+ 85 C,WiFi,,,,,Tray,,,,,
765-RN-131C,RN131C/RM,Microchip Technology,https://ru.mouser.com/datasheet/2/268/rn-131-ds-v3.2r-1181126.pdf,162  In Stock,$54.90,RoHS Compliant,,https://ru.mouser.com/ProductDetail/Microchip-Technology/RN131C-RM?qs=kN%2BdH4tS76skMroRfS4jNg==&utm_source=mouser-refine-download&utm_medium=file&utm_campaign=RN131C/RM&utm_content=Microchip-Technology,RN131,802.11 b/g,2.4 GHz,"11 Mb/s, 54 Mb/s","SPI, UART",18 dBm,3.3 V,210 mA,40 mA,0 C,+ 70 C,WiFi,,,,,Tray,,,,,
814-ST60-2230C-P,ST60-2230C-P,Laird Connectivity,https://ru.mouser.com/datasheet/2/986/CS_DS_ST60_2230C_P_ST60_2230C_PU_v1_14-1894142.pdf,60  In Stock,$52.47,RoHS Compliant,,https://ru.mouser.com/ProductDetail/Laird-Connectivity/ST60-2230C-P?qs=r5DSvlrkXmJNeVQc5PqDYw==&utm_source=mouser-refine-download&utm_medium=file&utm_campaign=ST60-2230C-P&utm_content=Laird-Connectivity,60-2230C,802.11 ac,"2.4 GHz to 2.495 GHz, 5.15 GHz to 5.825 GHz",866.7 Mb/s,UART,18 dBm,3.3 V,,,- 30 C,+ 85 C,WiFi,,,,,Tray,,,,,
765-RN-XV-U,RN171XVU-I/RM,Microchip Technology,https://ru.mouser.com/datasheet/2/268/rn-171-xv-ds-v1.04r-737505.pdf,231  In Stock,$59.52,RoHS Compliant,,https://ru.mouser.com/ProductDetail/Microchip-Technology/RN171XVU-I-RM?qs=sVdVlwbC4QifOw6fYaNjHw==&utm_source=mouser-refine-download&utm_medium=file&utm_campaign=RN171XVU-I/RM&utm_content=Microchip-Technology,RN171XV,802.11 b/g,2.4 GHz,"11 Mb/s, 54 Mb/s",UART,12 dBm,3.3 V,180 mA,40 mA,- 40 C,+ 85 C,WiFi,,,"802.15.4 (ANT, Thread, Zigbee)",,Bulk,,,,,
551-CMP9377-UA,CMP9377-UA,CEL,https://ru.mouser.com/datasheet/2/286/CMP9377-1621243.pdf,299  In Stock,$69.02,RoHS Compliant,New At Mouser,https://ru.mouser.com/ProductDetail/CEL/CMP9377-UA?qs=%2B6g0mu59x7Icj54P5A7B6g==&utm_source=mouser-refine-download&utm_medium=file&utm_campaign=CMP9377-UA&utm_content=CEL,CMP9377,802.11 a/ac/b/g/n,"2.4 GHz, 5 GHz",,"USB, PCIe",20 dBm,3.3 V,,,- 40 C,+ 85 C,WiFi,BLE,,,,Tray,,,,,
651-2702540,2702540,Phoenix Contact,https://ru.mouser.com/datasheet/2/324/4/2702540-1464157.pdf,5  In Stock,"$1,027.15",RoHS Compliant,,https://ru.mouser.com/ProductDetail/Phoenix-Contact/2702540?qs=0kYgdqhPduEIIO2OLawH0Q==&utm_source=mouser-refine-download&utm_medium=file&utm_campaign=2702540&utm_content=Phoenix-Contact,,802.11 a/b/g/n,"2.4 GHz, 5 GHz","10 Mb/s, 100 Mb/s",Ethernet,,24 V,,120 mA,- 40 C,+ 60 C,WiFi,,,,,,,,,,
634-WF121-E-V2,WF121-E-V2,Silicon Labs,https://ru.mouser.com/datasheet/2/368/Bluegiga_WF121_Datasheet-1203323.pdf,431  In Stock,$30.49,,,https://ru.mouser.com/ProductDetail/Silicon-Labs/WF121-E-V2?qs=8HqIXBaaO6xDOZfVx%2BXT0g==&utm_source=mouser-refine-download&utm_medium=file&utm_campaign=WF121-E-V2&utm_content=Silicon-Labs,WF121,802.11 b/g/n,2.4 GHz,"11 Mb/s, 54 Mb/s, 72.2 Mb/s","Ethernet, GPIO, I2C, SPI, UART, USB",17 dBm,"3.3 V, 2.7 V to 4.8 V",143 mA,127 mA,- 40 C,+ 85 C,WiFi,,,,,"Cut Tape, Reel",,,,,
579-RN171-I/RM475,RN171-I/RM475,Microchip Technology,https://ru.mouser.com/datasheet/2/268/70005171B-1146704.pdf,281  In Stock,$44.70,RoHS Compliant,,https://ru.mouser.com/ProductDetail/Microchip-Technology/RN171-I-RM475?qs=qdgZG5p0FZ5g6JdFzLesgQ==&utm_source=mouser-refine-download&utm_medium=file&utm_campaign=RN171-I/RM475&utm_content=Microchip-Technology,RN171,802.11 b/g,2.4 GHz,"11 Mb/s, 54 Mb/s","GPIO, SDIO, SPI, UART",0 dBm to 12 dBm,3.3 V,190 mA,40 mA,- 40 C,+ 85 C,WiFi,,,,,Tray,,,,,
651-1005869,1005869,Phoenix Contact,,7  In Stock,$704.62,RoHS Compliant,,https://ru.mouser.com/ProductDetail/Phoenix-Contact/1005869?qs=F5EMLAvA7ICSv80UQwvaew==&utm_source=mouser-refine-download&utm_medium=file&utm_campaign=1005869&utm_content=Phoenix-Contact,,,,,,,,,,- 40 C,+ 65 C,,,,,,,,,,,
579-RN171IRM481,RN171-IRM481,Microchip Technology,https://ru.mouser.com/datasheet/2/268/70005171B-1146704.pdf,137  In Stock,$44.70,RoHS Compliant,,https://ru.mouser.com/ProductDetail/Microchip-Technology/RN171-IRM481?qs=Fe2pGbCwd5fxbhL3XzkzOQ==&utm_source=mouser-refine-download&utm_medium=file&utm_campaign=RN171-IRM481&utm_content=Microchip-Technology,RN171,,,,,,,,,,,WiFi,,,,,Tray,,,,,
651-2702877,2702877,Phoenix Contact,https://ru.mouser.com/datasheet/2/324/4/2702877-1900000.pdf,4  In Stock,"$1,808.01",,New At Mouser,https://ru.mouser.com/ProductDetail/Phoenix-Contact/2702877?qs=W0yvOO0ixfFWs5YSlrotGA==&utm_source=mouser-refine-download&utm_medium=file&utm_campaign=2702877&utm_content=Phoenix-Contact,,,900 MHz,500 kb/s,,1 W,30.5 V,,,- 40 C,+ 70 C,WiFi,,,,,,,,,,
347-ISM43903R48L54E,ISM43903-R48-L54-E,Inventek,https://ru.mouser.com/datasheet/2/908/ISM43903_Functional_Spec-2-1371160.pdf,337  In Stock,$22.77,RoHS Compliant,,https://ru.mouser.com/ProductDetail/Inventek/ISM43903-R48-L54-E?qs=MLItCLRbWsz2S20p0zUQ7w==&utm_source=mouser-refine-download&utm_medium=file&utm_campaign=ISM43903-R48-L54-E&utm_content=Inventek,ISM43903,802.11 b/g/n,2.4 GHz,72.2 Mb/s,UART,17 dBm,3.3 V,,,- 40 C,+ 85 C,WiFi,BLE,,,,Tray,,,,,
634-WGM110E1MV2R,WGM110E1MV2R,Silicon Labs,https://ru.mouser.com/datasheet/2/368/wgm110_datasheet-1036080.pdf,591  In Stock,$22.14,RoHS Compliant,,https://ru.mouser.com/ProductDetail/Silicon-Labs/WGM110E1MV2R?qs=8HqIXBaaO6xtfvcKt5uVZA==&utm_source=mouser-refine-download&utm_medium=file&utm_campaign=WGM110E1MV2R&utm_content=Silicon-Labs,WGM110,802.11 b/g/n,2.412 GHz to 2.472 GHz,72.2 Mb/s,"I2C, SPI, USB","15 dBm, 16 dBm",3.3 V,261 mA,81 mA,- 40 C,+ 85 C,WiFi,,,,,"Cut Tape, Reel",,,,,
556-ATSAMW25MR510PB,ATSAMW25H18-MR510PB,Microchip Technology / Atmel,https://ru.mouser.com/datasheet/2/268/Atmel-42463-SAM-W25-Xplained-Pro_UserGuide-1859460.pdf,95  In Stock,$43.39,RoHS Compliant,,https://ru.mouser.com/ProductDetail/Microchip-Technology-Atmel/ATSAMW25H18-MR510PB?qs=eluY34QfiLkGvAGZ%2BzhNVQ==&utm_source=mouser-refine-download&utm_medium=file&utm_campaign=ATSAMW25H18-MR510PB&utm_content=Microchip-Technology-/-Atmel,ATSAMW25,802.11 b/g/n,2.4 GHz,"11 Mb/s, 54 Mb/s, 65 Mb/s",SPI/UART,17 dBm,"3.3 V, 3.6 V",,,- 40 C,+ 85 C,WiFi,,,,,,,,,,
322-WG3221-00,WG3221-00,Jorjin,https://ru.mouser.com/datasheet/2/1105/Jorjin_01292021_WG3221_00-2090106.pdf,100  In Stock,$48.83,RoHS Compliant,New Product,https://ru.mouser.com/ProductDetail/Jorjin/WG3221-00?qs=KUoIvG/9Ilb7WYujan55SA==&utm_source=mouser-refine-download&utm_medium=file&utm_campaign=WG3221-00&utm_content=Jorjin,,802.11 a/ac/b/g/n,"2.4 GHz, 5 GHz",54 Mb/s,"SDIO, UART",10.5 dBm,3.3 V,348 mA,67 mA,- 30 C,+ 85 C,,Bluetooth,,,,Tray,,,,,
426-TEL0126,TEL0126,DFRobot,,9  In Stock,$20.93,,New Product,https://ru.mouser.com/ProductDetail/DFRobot/TEL0126?qs=IS%2B4QmGtzzqCSfx3u00dZg==&utm_source=mouser-refine-download&utm_medium=file&utm_campaign=TEL0126&utm_content=DFRobot,,,,,,,,,,,,,,,,,,,,,,
607-AX200.D2WG.LNV,AX200.D2WG.LNV,Intel,https://ru.mouser.com/datasheet/2/612/wi-fi-6-ax200-module-brief-1661660.pdf,2  In Stock,$23.50,RoHS Compliant,New Product,https://ru.mouser.com/ProductDetail/Intel/AX200D2WGLNV?qs=rkhjVJ6/3EI1nxRB%2B3o3qQ==&utm_source=mouser-refine-download&utm_medium=file&utm_campaign=AX200.D2WG.LNV&utm_content=Intel,Wi-Fi 6 AX200,802.11 ax,"2.4 GHz, 5 GHz",2.4 Gb/s,,,,,,0 C,+ 80 C,WiFi,Bluetooth,LTE,,,,,,,,
923-EKI6331ANPOEEES,EKI6331ANPOEE-ES,Advantech,,1  In Stock,$26.89,RoHS Compliant,,https://ru.mouser.com/ProductDetail/Advantech/EKI6331ANPOEE-ES?qs=rrS6PyfT74cIsKfcc/zbwg==&utm_source=mouser-refine-download&utm_medium=file&utm_campaign=EKI6331ANPOEE-ES&utm_content=Advantech,,802.11 a/n,5 GHz,54 Mb/s,"Ethernet, LAN",23 dBm,"100 VAC to 240 VAC, 24 VDC",,,- 20 C,+ 70 C,WiFi,,,,,,,,,,
